Term,Document Frequency,IDF
accelerate,1,2.302585092994046
access,3,1.2039728043259361
accuracy,1,2.302585092994046
achievements,1,2.302585092994046
acid,1,2.302585092994046
across,2,1.6094379124341003
act,1,2.302585092994046
adapt,1,2.302585092994046
added,1,2.302585092994046
additionally,2,1.6094379124341003
addressing,2,1.6094379124341003
adjust,2,1.6094379124341003
administration,1,2.302585092994046
adoption,1,2.302585092994046
adopts,1,2.302585092994046
advanced,1,2.302585092994046
advantages,1,2.302585092994046
agent,1,2.302585092994046
agents,1,2.302585092994046
agile,1,2.302585092994046
ai,1,2.302585092994046
aims,1,2.302585092994046
algorithm,1,2.302585092994046
algorithmic,1,2.302585092994046
algorithms,4,0.9162907318741551
allow,1,2.302585092994046
allowing,2,1.6094379124341003
allows,2,1.6094379124341003
almost,1,2.302585092994046
also,2,1.6094379124341003
ambiguous,1,2.302585092994046
amounts,2,1.6094379124341003
analysis,3,1.2039728043259361
analysts,1,2.302585092994046
analytics,1,2.302585092994046
analyze,1,2.302585092994046
another,2,1.6094379124341003
answer,1,2.302585092994046
application,4,0.9162907318741551
applications,6,0.5108256237659907
applies,1,2.302585092994046
apply,1,2.302585092994046
approach,3,1.2039728043259361
apps,1,2.302585092994046
architectural,1,2.302585092994046
architecture,1,2.302585092994046
architectures,1,2.302585092994046
area,2,1.6094379124341003
artificial,4,0.9162907318741551
aspect,2,1.6094379124341003
assesses,1,2.302585092994046
assessment,1,2.302585092994046
assistants,1,2.302585092994046
attacks,1,2.302585092994046
authentication,1,2.302585092994046
authorized,1,2.302585092994046
automated,1,2.302585092994046
automatically,2,1.6094379124341003
autonomous,1,2.302585092994046
autonomously,1,2.302585092994046
away,1,2.302585092994046
backbone,1,2.302585092994046
backend,1,2.302585092994046
backpropagation,1,2.302585092994046
based,4,0.9162907318741551
battle,1,2.302585092994046
become,3,1.2039728043259361
begins,1,2.302585092994046
behavior,2,1.6094379124341003
benchmark,1,2.302585092994046
bias,1,2.302585092994046
biased,1,2.302585092994046
big,1,2.302585092994046
billions,1,2.302585092994046
bits,1,2.302585092994046
brain,1,2.302585092994046
branch,2,1.6094379124341003
breakthrough,1,2.302585092994046
bridge,2,1.6094379124341003
broad,1,2.302585092994046
budget,1,2.302585092994046
build,1,2.302585092994046
building,2,1.6094379124341003
businesses,2,1.6094379124341003
buying,1,2.302585092994046
called,1,2.302585092994046
can,6,0.5108256237659907
capability,2,1.6094379124341003
capable,1,2.302585092994046
categorized,2,1.6094379124341003
centers,1,2.302585092994046
challenges,2,1.6094379124341003
challenging,1,2.302585092994046
change,1,2.302585092994046
ciphertext,1,2.302585092994046
classification,1,2.302585092994046
clean,2,1.6094379124341003
cleaning,3,1.2039728043259361
closely,2,1.6094379124341003
cloud,6,0.5108256237659907
clusters,2,1.6094379124341003
cnns,1,2.302585092994046
code,3,1.2039728043259361
codebase,1,2.302585092994046
coding,1,2.302585092994046
collaborate,1,2.302585092994046
collaboration,1,2.302585092994046
collection,3,1.2039728043259361
columns,1,2.302585092994046
combines,1,2.302585092994046
combining,1,2.302585092994046
come,1,2.302585092994046
common,5,0.6931471805599453
commonly,1,2.302585092994046
communicate,1,2.302585092994046
communication,2,1.6094379124341003
completed,1,2.302585092994046
complex,6,0.5108256237659907
component,1,2.302585092994046
components,1,2.302585092994046
computational,1,2.302585092994046
computer,8,0.22314355131420976
computers,4,0.9162907318741551
computing,6,0.5108256237659907
concepts,1,2.302585092994046
concern,2,1.6094379124341003
concerned,1,2.302585092994046
confidential,1,2.302585092994046
configuration,1,2.302585092994046
configurations,2,1.6094379124341003
conflicts,1,2.302585092994046
connect,1,2.302585092994046
connected,1,2.302585092994046
connections,1,2.302585092994046
connects,1,2.302585092994046
consequences,1,2.302585092994046
consequently,2,1.6094379124341003
considerations,1,2.302585092994046
consist,1,2.302585092994046
consistency,1,2.302585092994046
consisting,2,1.6094379124341003
consists,1,2.302585092994046
consumption,1,2.302585092994046
containerization,1,2.302585092994046
continuous,2,1.6094379124341003
contrast,2,1.6094379124341003
control,3,1.2039728043259361
converting,1,2.302585092994046
convolutional,1,2.302585092994046
core,1,2.302585092994046
corpora,1,2.302585092994046
corporations,1,2.302585092994046
correct,1,2.302585092994046
correctness,1,2.302585092994046
cost,1,2.302585092994046
create,1,2.302585092994046
creation,1,2.302585092994046
critical,2,1.6094379124341003
crucial,2,1.6094379124341003
cumulative,1,2.302585092994046
customer,1,2.302585092994046
customers,1,2.302585092994046
cybersecurity,3,1.2039728043259361
cycle,2,1.6094379124341003
daily,1,2.302585092994046
damage,1,2.302585092994046
data,9,0.10536051565782635
database,5,0.6931471805599453
databases,3,1.2039728043259361
datadriven,1,2.302585092994046
dataset,1,2.302585092994046
datasets,3,1.2039728043259361
dbms,1,2.302585092994046
deal,1,2.302585092994046
deals,1,2.302585092994046
decision,1,2.302585092994046
decisionmaking,1,2.302585092994046
decisions,2,1.6094379124341003
deep,4,0.9162907318741551
defend,1,2.302585092994046
defense,1,2.302585092994046
define,1,2.302585092994046
delivers,1,2.302585092994046
delivery,2,1.6094379124341003
demand,1,2.302585092994046
denialofservice,1,2.302585092994046
depending,1,2.302585092994046
deployed,3,1.2039728043259361
deploying,2,1.6094379124341003
deployment,2,1.6094379124341003
design,3,1.2039728043259361
designed,3,1.2039728043259361
designing,1,2.302585092994046
despite,1,2.302585092994046
detection,2,1.6094379124341003
developed,1,2.302585092994046
developers,3,1.2039728043259361
developing,1,2.302585092994046
development,3,1.2039728043259361
devices,2,1.6094379124341003
different,3,1.2039728043259361
digital,3,1.2039728043259361
directly,3,1.2039728043259361
disciplined,1,2.302585092994046
discover,1,2.302585092994046
discussed,1,2.302585092994046
displacement,1,2.302585092994046
distinct,1,2.302585092994046
distributed,2,1.6094379124341003
diverse,1,2.302585092994046
divides,1,2.302585092994046
domain,1,2.302585092994046
dramatically,1,2.302585092994046
durabilitywhich,1,2.302585092994046
dynamically,1,2.302585092994046
easily,1,2.302585092994046
education,2,1.6094379124341003
efficiency,1,2.302585092994046
efficient,2,1.6094379124341003
efficiently,1,2.302585092994046
emerged,2,1.6094379124341003
emphasize,1,2.302585092994046
emphasizing,1,2.302585092994046
enable,1,2.302585092994046
enabled,1,2.302585092994046
enables,1,2.302585092994046
enabling,2,1.6094379124341003
encompasses,1,2.302585092994046
encryption,2,1.6094379124341003
endpoints,1,2.302585092994046
engineering,6,0.5108256237659907
engineers,1,2.302585092994046
ensure,2,1.6094379124341003
ensures,1,2.302585092994046
ensuring,2,1.6094379124341003
enterprise,2,1.6094379124341003
entire,1,2.302585092994046
entity,1,2.302585092994046
environment,3,1.2039728043259361
environments,5,0.6931471805599453
era,1,2.302585092994046
error,1,2.302585092994046
errorchecked,1,2.302585092994046
essential,4,0.9162907318741551
ethical,1,2.302585092994046
evaluating,1,2.302585092994046
even,1,2.302585092994046
event,1,2.302585092994046
every,1,2.302585092994046
evolved,1,2.302585092994046
evolving,2,1.6094379124341003
example,2,1.6094379124341003
examples,1,2.302585092994046
exceptionally,1,2.302585092994046
exchange,1,2.302585092994046
exhibit,1,2.302585092994046
expanded,2,1.6094379124341003
expertise,1,2.302585092994046
explicitly,1,2.302585092994046
exploit,1,2.302585092994046
exploratory,1,2.302585092994046
extract,3,1.2039728043259361
extraction,1,2.302585092994046
fail,2,1.6094379124341003
failures,1,2.302585092994046
feature,2,1.6094379124341003
features,1,2.302585092994046
feedback,2,1.6094379124341003
field,2,1.6094379124341003
fields,2,1.6094379124341003
filter,1,2.302585092994046
filtering,3,1.2039728043259361
final,1,2.302585092994046
find,1,2.302585092994046
findings,1,2.302585092994046
firewalls,2,1.6094379124341003
flexibility,1,2.302585092994046
focuses,2,1.6094379124341003
followed,1,2.302585092994046
following,1,2.302585092994046
form,1,2.302585092994046
forms,1,2.302585092994046
forward,1,2.302585092994046
foundation,1,2.302585092994046
foundational,1,2.302585092994046
framework,1,2.302585092994046
fraud,1,2.302585092994046
frequently,1,2.302585092994046
fully,1,2.302585092994046
function,1,2.302585092994046
functional,1,2.302585092994046
fundamental,4,0.9162907318741551
fundamentals,1,2.302585092994046
furthermore,2,1.6094379124341003
gap,1,2.302585092994046
gathering,1,2.302585092994046
generalize,1,2.302585092994046
generate,1,2.302585092994046
git,1,2.302585092994046
global,1,2.302585092994046
globally,1,2.302585092994046
goal,3,1.2039728043259361
governments,1,2.302585092994046
gpus,1,2.302585092994046
graphics,1,2.302585092994046
gridlike,1,2.302585092994046
grouping,1,2.302585092994046
grows,1,2.302585092994046
guarantee,1,2.302585092994046
hand,1,2.302585092994046
handcoded,1,2.302585092994046
handle,2,1.6094379124341003
handling,2,1.6094379124341003
hardcoded,1,2.302585092994046
heavily,2,1.6094379124341003
hidden,3,1.2039728043259361
hierarchical,1,2.302585092994046
high,1,2.302585092994046
highly,1,2.302585092994046
historically,1,2.302585092994046
home,1,2.302585092994046
however,2,1.6094379124341003
human,3,1.2039728043259361
humanlike,1,2.302585092994046
hybrid,1,2.302585092994046
iaas,1,2.302585092994046
ideal,1,2.302585092994046
identify,3,1.2039728043259361
image,1,2.302585092994046
images,1,2.302585092994046
implement,1,2.302585092994046
implementation,2,1.6094379124341003
implementing,1,2.302585092994046
important,1,2.302585092994046
include,4,0.9162907318741551
includes,1,2.302585092994046
including,4,0.9162907318741551
incoming,1,2.302585092994046
increasingly,3,1.2039728043259361
incredibly,1,2.302585092994046
indexing,1,2.302585092994046
indispensable,1,2.302585092994046
indistinguishable,1,2.302585092994046
individual,1,2.302585092994046
individuals,1,2.302585092994046
industry,1,2.302585092994046
information,5,0.6931471805599453
infrastructure,3,1.2039728043259361
ingestion,1,2.302585092994046
inherently,1,2.302585092994046
initial,1,2.302585092994046
input,1,2.302585092994046
inserting,1,2.302585092994046
insights,2,1.6094379124341003
inspired,1,2.302585092994046
instance,2,1.6094379124341003
instead,1,2.302585092994046
instructions,1,2.302585092994046
integrate,1,2.302585092994046
integrated,2,1.6094379124341003
integration,1,2.302585092994046
integrity,1,2.302585092994046
intelligence,4,0.9162907318741551
intelligent,1,2.302585092994046
interact,1,2.302585092994046
interacting,1,2.302585092994046
interactions,1,2.302585092994046
interconnected,2,1.6094379124341003
interconnection,1,2.302585092994046
interdisciplinary,1,2.302585092994046
interface,1,2.302585092994046
interfaces,1,2.302585092994046
internet,2,1.6094379124341003
interpret,1,2.302585092994046
intersection,1,2.302585092994046
intersects,1,2.302585092994046
intrusion,1,2.302585092994046
involves,3,1.2039728043259361
ip,1,2.302585092994046
isolation,1,2.302585092994046
issues,2,1.6094379124341003
iterative,1,2.302585092994046
jobs,1,2.302585092994046
just,2,1.6094379124341003
key,3,1.2039728043259361
knowledge,2,1.6094379124341003
labeled,1,2.302585092994046
language,5,0.6931471805599453
languages,2,1.6094379124341003
lans,1,2.302585092994046
large,2,1.6094379124341003
largely,1,2.302585092994046
largescale,1,2.302585092994046
layer,3,1.2039728043259361
layers,3,1.2039728043259361
learn,4,0.9162907318741551
learning,5,0.6931471805599453
learns,1,2.302585092994046
life,3,1.2039728043259361
lifecycle,1,2.302585092994046
like,3,1.2039728043259361
likely,1,2.302585092994046
linear,1,2.302585092994046
linguistics,1,2.302585092994046
local,1,2.302585092994046
logic,2,1.6094379124341003
lowercase,1,2.302585092994046
machine,5,0.6931471805599453
machines,3,1.2039728043259361
main,2,1.6094379124341003
maintainable,2,1.6094379124341003
maintaining,1,2.302585092994046
maintenance,1,2.302585092994046
major,1,2.302585092994046
make,2,1.6094379124341003
makes,1,2.302585092994046
making,3,1.2039728043259361
malware,1,2.302585092994046
manage,1,2.302585092994046
managed,1,2.302585092994046
management,5,0.6931471805599453
managing,2,1.6094379124341003
manipulate,1,2.302585092994046
manner,1,2.302585092994046
manual,1,2.302585092994046
many,2,1.6094379124341003
mapping,1,2.302585092994046
massive,3,1.2039728043259361
mastering,1,2.302585092994046
mathematics,1,2.302585092994046
maximize,1,2.302585092994046
meaning,1,2.302585092994046
mechanisms,1,2.302585092994046
media,1,2.302585092994046
methodologies,1,2.302585092994046
methods,2,1.6094379124341003
missing,1,2.302585092994046
mobile,1,2.302585092994046
model,4,0.9162907318741551
modeling,3,1.2039728043259361
models,5,0.6931471805599453
modern,7,0.3566749439387324
modular,1,2.302585092994046
monitor,2,1.6094379124341003
monitoring,1,2.302585092994046
moving,1,2.302585092994046
multidisciplinary,1,2.302585092994046
multifactor,1,2.302585092994046
multilayered,1,2.302585092994046
multiple,3,1.2039728043259361
must,5,0.6931471805599453
named,1,2.302585092994046
natural,4,0.9162907318741551
needed,1,2.302585092994046
network,2,1.6094379124341003
networking,1,2.302585092994046
networks,4,0.9162907318741551
neural,2,1.6094379124341003
neurons,1,2.302585092994046
new,2,1.6094379124341003
nlp,1,2.302585092994046
noise,2,1.6094379124341003
nonlinear,1,2.302585092994046
nontechnical,1,2.302585092994046
nosql,1,2.302585092994046
notion,1,2.302585092994046
now,1,2.302585092994046
objectoriented,1,2.302585092994046
objectrelational,1,2.302585092994046
offering,1,2.302585092994046
offers,1,2.302585092994046
office,1,2.302585092994046
often,2,1.6094379124341003
ondemand,1,2.302585092994046
one,4,0.9162907318741551
ongoing,1,2.302585092994046
open,1,2.302585092994046
operate,1,2.302585092994046
operation,1,2.302585092994046
operational,1,2.302585092994046
optimize,1,2.302585092994046
optimized,1,2.302585092994046
optimizing,1,2.302585092994046
organization,1,2.302585092994046
organizations,2,1.6094379124341003
organizes,1,2.302585092994046
orm,1,2.302585092994046
osi,1,2.302585092994046
outgoing,1,2.302585092994046
output,2,1.6094379124341003
overall,1,2.302585092994046
overfitting,1,2.302585092994046
owning,1,2.302585092994046
paas,1,2.302585092994046
packets,1,2.302585092994046
paired,1,2.302585092994046
paradigm,1,2.302585092994046
paradigms,1,2.302585092994046
paramount,1,2.302585092994046
parsing,1,2.302585092994046
particularly,1,2.302585092994046
partofspeech,1,2.302585092994046
patterns,4,0.9162907318741551
perception,1,2.302585092994046
perform,3,1.2039728043259361
performing,1,2.302585092994046
persistent,2,1.6094379124341003
phase,1,2.302585092994046
phases,1,2.302585092994046
phishing,1,2.302585092994046
physical,2,1.6094379124341003
pipeline,1,2.302585092994046
pipelines,1,2.302585092994046
platform,1,2.302585092994046
portion,1,2.302585092994046
power,1,2.302585092994046
powerful,2,1.6094379124341003
practical,2,1.6094379124341003
practice,1,2.302585092994046
practices,1,2.302585092994046
predictions,3,1.2039728043259361
predictive,2,1.6094379124341003
prepared,1,2.302585092994046
preprocessing,2,1.6094379124341003
presence,1,2.302585092994046
present,1,2.302585092994046
presents,1,2.302585092994046
prevent,2,1.6094379124341003
primarily,1,2.302585092994046
primary,2,1.6094379124341003
principles,1,2.302585092994046
privacy,1,2.302585092994046
private,1,2.302585092994046
problem,1,2.302585092994046
problems,5,0.6931471805599453
process,4,0.9162907318741551
processed,1,2.302585092994046
processes,1,2.302585092994046
processing,4,0.9162907318741551
produce,1,2.302585092994046
product,1,2.302585092994046
production,1,2.302585092994046
professionals,3,1.2039728043259361
proficiency,1,2.302585092994046
program,1,2.302585092994046
programmed,1,2.302585092994046
programming,1,2.302585092994046
project,1,2.302585092994046
prominent,1,2.302585092994046
prone,1,2.302585092994046
propertiesatomicity,1,2.302585092994046
protect,3,1.2039728043259361
protecting,1,2.302585092994046
protocol,1,2.302585092994046
protocols,1,2.302585092994046
provide,1,2.302585092994046
providers,1,2.302585092994046
provides,2,1.6094379124341003
providing,1,2.302585092994046
public,1,2.302585092994046
punctuation,1,2.302585092994046
purchasing,1,2.302585092994046
quantifiable,1,2.302585092994046
queries,1,2.302585092994046
query,2,1.6094379124341003
questions,1,2.302585092994046
range,1,2.302585092994046
ranging,1,2.302585092994046
ransomware,1,2.302585092994046
rapid,2,1.6094379124341003
rapidly,1,2.302585092994046
rather,1,2.302585092994046
rational,1,2.302585092994046
raw,2,1.6094379124341003
rdbms,1,2.302585092994046
realtime,1,2.302585092994046
realworld,1,2.302585092994046
reason,1,2.302585092994046
recent,2,1.6094379124341003
recognition,2,1.6094379124341003
recommendation,1,2.302585092994046
records,1,2.302585092994046
recurrent,1,2.302585092994046
reduce,1,2.302585092994046
reference,1,2.302585092994046
referred,1,2.302585092994046
refers,1,2.302585092994046
refining,1,2.302585092994046
regression,1,2.302585092994046
regressions,1,2.302585092994046
reinforcement,1,2.302585092994046
related,1,2.302585092994046
relational,1,2.302585092994046
relevant,1,2.302585092994046
reliable,3,1.2039728043259361
reliably,1,2.302585092994046
relies,2,1.6094379124341003
rely,1,2.302585092994046
remains,3,1.2039728043259361
remarkable,1,2.302585092994046
removing,1,2.302585092994046
rent,1,2.302585092994046
replaced,1,2.302585092994046
represent,1,2.302585092994046
representations,3,1.2039728043259361
representing,1,2.302585092994046
represents,1,2.302585092994046
require,2,1.6094379124341003
requirement,1,2.302585092994046
requirements,2,1.6094379124341003
requires,4,0.9162907318741551
requiring,1,2.302585092994046
research,2,1.6094379124341003
resource,1,2.302585092994046
resources,3,1.2039728043259361
response,1,2.302585092994046
results,1,2.302585092994046
retrieval,1,2.302585092994046
retrieve,2,1.6094379124341003
revolutionized,1,2.302585092994046
reward,1,2.302585092994046
rise,1,2.302585092994046
risk,1,2.302585092994046
rnns,1,2.302585092994046
robust,2,1.6094379124341003
routers,1,2.302585092994046
routing,1,2.302585092994046
rows,1,2.302585092994046
rulebased,2,1.6094379124341003
rules,1,2.302585092994046
run,1,2.302585092994046
saas,1,2.302585092994046
scalability,2,1.6094379124341003
scale,1,2.302585092994046
schema,1,2.302585092994046
schemas,1,2.302585092994046
science,7,0.3566749439387324
scientific,1,2.302585092994046
scientists,1,2.302585092994046
scope,1,2.302585092994046
sdlc,1,2.302585092994046
search,1,2.302585092994046
secure,1,2.302585092994046
securing,1,2.302585092994046
security,4,0.9162907318741551
semantic,1,2.302585092994046
semistructured,1,2.302585092994046
sensitive,2,1.6094379124341003
sentiment,1,2.302585092994046
sequential,1,2.302585092994046
serious,1,2.302585092994046
server,1,2.302585092994046
servers,2,1.6094379124341003
serves,1,2.302585092994046
service,1,2.302585092994046
services,1,2.302585092994046
serving,1,2.302585092994046
seven,1,2.302585092994046
several,2,1.6094379124341003
share,1,2.302585092994046
shared,1,2.302585092994046
shift,1,2.302585092994046
significantly,1,2.302585092994046
similarly,1,2.302585092994046
simple,2,1.6094379124341003
since,1,2.302585092994046
single,3,1.2039728043259361
skill,1,2.302585092994046
small,1,2.302585092994046
smart,1,2.302585092994046
social,2,1.6094379124341003
software,8,0.22314355131420976
solve,3,1.2039728043259361
solving,1,2.302585092994046
spaces,1,2.302585092994046
spam,1,2.302585092994046
specialized,1,2.302585092994046
specifically,1,2.302585092994046
speech,2,1.6094379124341003
splitting,1,2.302585092994046
sql,2,1.6094379124341003
stakeholders,1,2.302585092994046
standardized,1,2.302585092994046
statistical,2,1.6094379124341003
statistics,2,1.6094379124341003
step,1,2.302585092994046
stop,1,2.302585092994046
storage,4,0.9162907318741551
store,2,1.6094379124341003
stored,1,2.302585092994046
strategy,1,2.302585092994046
stream,1,2.302585092994046
strict,1,2.302585092994046
structure,1,2.302585092994046
structured,2,1.6094379124341003
structures,1,2.302585092994046
student,1,2.302585092994046
study,2,1.6094379124341003
subfield,1,2.302585092994046
subfields,1,2.302585092994046
subject,1,2.302585092994046
subset,2,1.6094379124341003
substantial,1,2.302585092994046
success,1,2.302585092994046
successive,1,2.302585092994046
sufficient,1,2.302585092994046
suite,1,2.302585092994046
suites,1,2.302585092994046
summarization,1,2.302585092994046
summary,1,2.302585092994046
supervised,1,2.302585092994046
support,3,1.2039728043259361
switches,1,2.302585092994046
synchronization,1,2.302585092994046
syntactic,1,2.302585092994046
synthesis,1,2.302585092994046
system,3,1.2039728043259361
systematic,1,2.302585092994046
systematically,2,1.6094379124341003
systems,7,0.3566749439387324
tables,1,2.302585092994046
tagging,1,2.302585092994046
takes,1,2.302585092994046
tamperproof,1,2.302585092994046
tasks,3,1.2039728043259361
tcp,1,2.302585092994046
tcpip,1,2.302585092994046
techniques,2,1.6094379124341003
technology,3,1.2039728043259361
terabytes,1,2.302585092994046
term,1,2.302585092994046
test,2,1.6094379124341003
testing,3,1.2039728043259361
text,1,2.302585092994046
theoretical,1,2.302585092994046
therefore,4,0.9162907318741551
threat,1,2.302585092994046
threats,1,2.302585092994046
three,2,1.6094379124341003
tied,1,2.302585092994046
time,1,2.302585092994046
tokenization,1,2.302585092994046
tokens,1,2.302585092994046
tools,4,0.9162907318741551
topics,1,2.302585092994046
towards,1,2.302585092994046
traditional,3,1.2039728043259361
traffic,2,1.6094379124341003
train,1,2.302585092994046
trained,3,1.2039728043259361
training,2,1.6094379124341003
transaction,1,2.302585092994046
transactions,1,2.302585092994046
transformations,1,2.302585092994046
transformed,1,2.302585092994046
transformer,1,2.302585092994046
transforming,2,1.6094379124341003
transit,1,2.302585092994046
translate,1,2.302585092994046
translation,2,1.6094379124341003
transmission,2,1.6094379124341003
transport,1,2.302585092994046
trees,1,2.302585092994046
trends,1,2.302585092994046
trust,1,2.302585092994046
turing,1,2.302585092994046
two,1,2.302585092994046
type,1,2.302585092994046
typical,1,2.302585092994046
typically,4,0.9162907318741551
ultimate,1,2.302585092994046
ultimately,2,1.6094379124341003
unauthorized,2,1.6094379124341003
understand,4,0.9162907318741551
understandable,1,2.302585092994046
understanding,4,0.9162907318741551
unites,1,2.302585092994046
units,1,2.302585092994046
unlabeled,1,2.302585092994046
unlike,2,1.6094379124341003
unreadable,1,2.302585092994046
unseen,1,2.302585092994046
unstructured,3,1.2039728043259361
unsupervised,1,2.302585092994046
use,2,1.6094379124341003
used,3,1.2039728043259361
useful,1,2.302585092994046
user,2,1.6094379124341003
users,2,1.6094379124341003
uses,1,2.302585092994046
using,2,1.6094379124341003
usually,1,2.302585092994046
utilization,1,2.302585092994046
utilizes,1,2.302585092994046
utilizing,1,2.302585092994046
values,1,2.302585092994046
variables,1,2.302585092994046
various,2,1.6094379124341003
vector,1,2.302585092994046
vehicles,1,2.302585092994046
verify,1,2.302585092994046
version,1,2.302585092994046
virtual,3,1.2039728043259361
virtualization,1,2.302585092994046
virtualized,1,2.302585092994046
vision,2,1.6094379124341003
visual,1,2.302585092994046
visualization,2,1.6094379124341003
vital,2,1.6094379124341003
voiceactivated,1,2.302585092994046
volumes,1,2.302585092994046
vulnerabilities,1,2.302585092994046
vulnerability,1,2.302585092994046
web,1,2.302585092994046
weights,1,2.302585092994046
wellsuited,1,2.302585092994046
whether,1,2.302585092994046
widely,2,1.6094379124341003
will,1,2.302585092994046
within,3,1.2039728043259361
without,4,0.9162907318741551
words,1,2.302585092994046
work,1,2.302585092994046
world,2,1.6094379124341003
worldwide,1,2.302585092994046
worrying,1,2.302585092994046
write,2,1.6094379124341003
writing,3,1.2039728043259361
years,2,1.6094379124341003
