Term,dataset_01_artificial_intelligence.txt,dataset_02_machine_learning.txt,dataset_03_deep_learning.txt,dataset_04_natural_language_processing.txt,dataset_05_computer_networks.txt,dataset_06_cybersecurity.txt,dataset_07_cloud_computing.txt,dataset_08_database_management.txt,dataset_09_data_science.txt,dataset_10_software_engineering.txt
accelerate,0.0,0.0,0.01265156644502223,0.0,0.0,0.0,0.0,0.0,0.0,0.0
access,0.0,0.0,0.0,0.0,0.007124099433881279,0.02972772356360336,0.007209417989975666,0.0,0.0,0.0
accuracy,0.0,0.0,0.0,0.0133097404219309,0.0,0.0,0.0,0.0,0.0,0.0
achievements,0.0,0.0,0.01265156644502223,0.0,0.0,0.0,0.0,0.0,0.0,0.0
acid,0.0,0.0,0.0,0.0,0.0,0.0,0.0,0.014573323373380038,0.0,0.0
across,0.0,0.0,0.0,0.0,0.0,0.009934801928605557,0.0,0.0,0.010122251021598116,0.0
act,0.012379489747279818,0.0,0.0,0.0,0.0,0.0,0.0,0.0,0.0,0.0
adapt,0.012379489747279818,0.0,0.0,0.0,0.0,0.0,0.0,0.0,0.0,0.0
added,0.0,0.0,0.0,0.0,0.0,0.0,0.0,0.0,0.0,0.014040153006061255
additionally,0.0,0.0,0.0,0.0,0.0,0.009934801928605557,0.0,0.0,0.010122251021598116,0.0
addressing,0.0,0.0,0.0,0.0,0.00952330125700651,0.0,0.009637352769066469,0.0,0.0,0.0
adjust,0.0,0.0,0.008843065452934618,0.0,0.0,0.0,0.009637352769066469,0.0,0.0,0.0
administration,0.0,0.0,0.0,0.0,0.0,0.0,0.0,0.0,0.0,0.014040153006061255
adoption,0.0,0.0,0.0,0.0,0.0,0.014213488228358308,0.0,0.0,0.0,0.0
adopts,0.0,0.0,0.0,0.0,0.0,0.0,0.0,0.0,0.0,0.014040153006061255
advanced,0.012379489747279818,0.0,0.0,0.0,0.0,0.0,0.0,0.0,0.0,0.0
advantages,0.0,0.0,0.0,0.0,0.0,0.0,0.013787934688587102,0.0,0.0,0.0
agent,0.0,0.01323324766088532,0.0,0.0,0.0,0.0,0.0,0.0,0.0,0.0
agents,0.012379489747279818,0.0,0.0,0.0,0.0,0.0,0.0,0.0,0.0,0.0
agile,0.0,0.0,0.0,0.0,0.0,0.0,0.0,0.0,0.0,0.014040153006061255
ai,0.04951795898911927,0.0,0.0,0.0,0.0,0.0,0.0,0.0,0.0,0.0
aims,0.0,0.0,0.0,0.0,0.0,0.0,0.0,0.0,0.0,0.014040153006061255
algorithm,0.0,0.01323324766088532,0.0,0.0,0.0,0.0,0.0,0.0,0.0,0.0
algorithmic,0.012379489747279818,0.0,0.0,0.0,0.0,0.0,0.0,0.0,0.0,0.0
algorithms,0.0,0.021064154755727704,0.010069128921694013,0.005296478218925752,0.0,0.0,0.0,0.0,0.011525669583322707,0.0
allow,0.0,0.0,0.0,0.0,0.0,0.0,0.0,0.0,0.01448166725153488,0.0
allowing,0.0,0.0,0.0,0.0,0.0,0.0,0.009637352769066469,0.0,0.010122251021598116,0.0
allows,0.008652892002333873,0.0,0.0,0.0,0.0,0.0,0.009637352769066469,0.0,0.0,0.0
almost,0.0,0.0,0.0,0.0,0.0,0.0,0.0,0.014573323373380038,0.0,0.0
also,0.0,0.0,0.0,0.0,0.0,0.0,0.009637352769066469,0.0,0.0,0.009813645807525003
ambiguous,0.0,0.0,0.0,0.0133097404219309,0.0,0.0,0.0,0.0,0.0,0.0
amounts,0.0,0.009249643174908622,0.0,0.009303109320428325,0.0,0.0,0.0,0.0,0.0,0.0
analysis,0.0,0.0,0.0,0.01391876074365244,0.0,0.0,0.0,0.0,0.007572156002049913,0.007341297587353269
analysts,0.0,0.0,0.0,0.0,0.0,0.0,0.0,0.014573323373380038,0.0,0.0
analytics,0.0,0.0,0.0,0.0,0.0,0.0,0.0,0.014573323373380038,0.0,0.0
analyze,0.0,0.0,0.0,0.0133097404219309,0.0,0.0,0.0,0.0,0.0,0.0
another,0.0,0.0,0.0,0.009303109320428325,0.0,0.009934801928605557,0.0,0.0,0.0,0.0
answer,0.0,0.0,0.0,0.0133097404219309,0.0,0.0,0.0,0.0,0.0,0.0
application,0.0,0.0,0.0,0.0,0.010843677300285858,0.0,0.005486770849545839,0.00579930842958326,0.0,0.005587138608988751
applications,0.005492748642645062,0.0,0.0,0.005905498540647291,0.0,0.003153244591148091,0.0061176721409100685,0.003233073568139182,0.0,0.003114790388817017
applies,0.0,0.0,0.0,0.0,0.0,0.0,0.0,0.0,0.0,0.014040153006061255
apply,0.0,0.0,0.0,0.0,0.0,0.0,0.0,0.0,0.0,0.014040153006061255
approach,0.0,0.0069193839329076785,0.0,0.0,0.0,0.00743193089090084,0.0,0.0,0.0,0.007341297587353269
apps,0.0,0.0,0.0,0.0,0.0,0.0,0.0,0.014573323373380038,0.0,0.0
architectural,0.0,0.0,0.0,0.0,0.0,0.0,0.0,0.0,0.0,0.014040153006061255
architecture,0.0,0.0,0.0,0.0,0.0,0.0,0.013787934688587102,0.0,0.0,0.0
architectures,0.0,0.0,0.01265156644502223,0.0,0.0,0.0,0.0,0.0,0.0,0.0
area,0.0,0.0,0.008843065452934618,0.0,0.00952330125700651,0.0,0.0,0.0,0.0,0.0
artificial,0.024631471286939655,0.010532077377863852,0.01510369338254102,0.010592956437851504,0.0,0.0,0.0,0.0,0.0,0.0
aspect,0.0,0.0,0.0,0.0,0.0,0.0,0.009637352769066469,0.0,0.0,0.009813645807525003
assesses,0.012379489747279818,0.0,0.0,0.0,0.0,0.0,0.0,0.0,0.0,0.0
assessment,0.0,0.0,0.0,0.0,0.0,0.014213488228358308,0.0,0.0,0.0,0.0
assistants,0.012379489747279818,0.0,0.0,0.0,0.0,0.0,0.0,0.0,0.0,0.0
attacks,0.0,0.0,0.0,0.0,0.0,0.028426976456716616,0.0,0.0,0.0,0.0
authentication,0.0,0.0,0.0,0.0,0.0,0.014213488228358308,0.0,0.0,0.0,0.0
authorized,0.0,0.0,0.0,0.0,0.0,0.014213488228358308,0.0,0.0,0.0,0.0
automated,0.0,0.0,0.0,0.0,0.0,0.0,0.0,0.0,0.0,0.014040153006061255
automatically,0.0,0.0,0.008843065452934618,0.009303109320428325,0.0,0.0,0.0,0.0,0.0,0.0
autonomous,0.012379489747279818,0.0,0.0,0.0,0.0,0.0,0.0,0.0,0.0,0.0
autonomously,0.012379489747279818,0.0,0.0,0.0,0.0,0.0,0.0,0.0,0.0,0.0
away,0.012379489747279818,0.0,0.0,0.0,0.0,0.0,0.0,0.0,0.0,0.0
backbone,0.0,0.0,0.0,0.0,0.013624763863870093,0.0,0.0,0.0,0.0,0.0
backend,0.0,0.0,0.0,0.0,0.0,0.0,0.013787934688587102,0.0,0.0,0.0
backpropagation,0.0,0.0,0.01265156644502223,0.0,0.0,0.0,0.0,0.0,0.0,0.0
based,0.0,0.005266038688931926,0.0050345644608470064,0.0,0.0,0.005656115628852809,0.005486770849545839,0.0,0.0,0.0
battle,0.0,0.0,0.0,0.0,0.0,0.014213488228358308,0.0,0.0,0.0,0.0
become,0.01294594413253695,0.0,0.0,0.0,0.007124099433881279,0.00743193089090084,0.0,0.0,0.0,0.0
begins,0.0,0.0,0.0,0.0,0.0,0.0,0.0,0.0,0.01448166725153488,0.0
behavior,0.008652892002333873,0.009249643174908622,0.0,0.0,0.0,0.0,0.0,0.0,0.0,0.0
benchmark,0.012379489747279818,0.0,0.0,0.0,0.0,0.0,0.0,0.0,0.0,0.0
bias,0.012379489747279818,0.0,0.0,0.0,0.0,0.0,0.0,0.0,0.0,0.0
biased,0.024758979494559637,0.0,0.0,0.0,0.0,0.0,0.0,0.0,0.0,0.0
big,0.0,0.0,0.0,0.0,0.0,0.0,0.0,0.0,0.01448166725153488,0.0
billions,0.0,0.0,0.0,0.0,0.013624763863870093,0.0,0.0,0.0,0.0,0.0
bits,0.0,0.0,0.0,0.0,0.013624763863870093,0.0,0.0,0.0,0.0,0.0
brain,0.0,0.0,0.01265156644502223,0.0,0.0,0.0,0.0,0.0,0.0,0.0
branch,0.008652892002333873,0.0,0.008843065452934618,0.0,0.0,0.0,0.0,0.0,0.0,0.0
breakthrough,0.0,0.0,0.01265156644502223,0.0,0.0,0.0,0.0,0.0,0.0,0.0
bridge,0.0,0.009249643174908622,0.0,0.0,0.0,0.0,0.0,0.010186315901481648,0.0,0.0
broad,0.012379489747279818,0.0,0.0,0.0,0.0,0.0,0.0,0.0,0.0,0.0
budget,0.0,0.0,0.0,0.0,0.0,0.0,0.0,0.0,0.0,0.014040153006061255
build,0.024758979494559637,0.0,0.0,0.0,0.0,0.0,0.0,0.0,0.0,0.0
building,0.008652892002333873,0.0,0.0,0.0,0.0,0.0,0.0,0.0,0.0,0.009813645807525003
businesses,0.0,0.0,0.0,0.009303109320428325,0.0,0.0,0.009637352769066469,0.0,0.0,0.0
buying,0.0,0.0,0.0,0.0,0.0,0.0,0.013787934688587102,0.0,0.0,0.0
called,0.0,0.0,0.01265156644502223,0.0,0.0,0.0,0.0,0.0,0.0,0.0
can,0.010985497285290123,0.0,0.002806734196516433,0.005905498540647291,0.0030226368270176965,0.006306489182296182,0.0030588360704550343,0.0,0.0,0.0
capability,0.0,0.009249643174908622,0.008843065452934618,0.0,0.0,0.0,0.0,0.0,0.0,0.0
capable,0.012379489747279818,0.0,0.0,0.0,0.0,0.0,0.0,0.0,0.0,0.0
categorized,0.0,0.009249643174908622,0.0,0.0,0.0,0.0,0.009637352769066469,0.0,0.0,0.0
centers,0.0,0.0,0.0,0.0,0.0,0.0,0.013787934688587102,0.0,0.0,0.0
challenges,0.0,0.0,0.0,0.0,0.0,0.009934801928605557,0.0,0.0,0.0,0.009813645807525003
challenging,0.0,0.0,0.0,0.0133097404219309,0.0,0.0,0.0,0.0,0.0,0.0
change,0.0,0.0,0.0,0.0,0.0,0.0,0.0,0.0,0.0,0.014040153006061255
ciphertext,0.0,0.0,0.0,0.0,0.0,0.014213488228358308,0.0,0.0,0.0,0.0
classification,0.0,0.01323324766088532,0.0,0.0,0.0,0.0,0.0,0.0,0.0,0.0
clean,0.0,0.0,0.0,0.0,0.0,0.0,0.0,0.0,0.010122251021598116,0.019627291615050006
cleaning,0.0,0.0,0.0,0.00695938037182622,0.0,0.0,0.0,0.00762008104003757,0.007572156002049913,0.0
closely,0.0,0.0,0.0,0.0,0.00952330125700651,0.0,0.0,0.0,0.010122251021598116,0.0
cloud,0.0,0.0,0.0,0.0,0.0030226368270176965,0.009459733773444272,0.02752952463409531,0.003233073568139182,0.006425479544226299,0.006229580777634034
clusters,0.0,0.009249643174908622,0.0,0.0,0.0,0.0,0.0,0.0,0.010122251021598116,0.0
cnns,0.0,0.0,0.01265156644502223,0.0,0.0,0.0,0.0,0.0,0.0,0.0
code,0.0,0.0,0.0,0.0,0.0,0.0,0.0,0.00762008104003757,0.007572156002049913,0.022023892762059807
codebase,0.0,0.0,0.0,0.0,0.0,0.0,0.0,0.0,0.0,0.014040153006061255
coding,0.0,0.0,0.0,0.0,0.0,0.0,0.0,0.0,0.0,0.02808030601212251
collaborate,0.0,0.0,0.0,0.0,0.0,0.0,0.0,0.0,0.0,0.014040153006061255
collaboration,0.0,0.0,0.0,0.0,0.0,0.0,0.0,0.0,0.0,0.014040153006061255
collection,0.006472972066268475,0.0,0.0,0.0,0.007124099433881279,0.0,0.0,0.0,0.007572156002049913,0.0
columns,0.0,0.0,0.0,0.0,0.0,0.0,0.0,0.014573323373380038,0.0,0.0
combines,0.0,0.0,0.0,0.0,0.0,0.0,0.0,0.0,0.01448166725153488,0.0
combining,0.012379489747279818,0.0,0.0,0.0,0.0,0.0,0.0,0.0,0.0,0.0
come,0.0,0.0,0.0,0.0,0.0,0.014213488228358308,0.0,0.0,0.0,0.0
common,0.0037265977449459425,0.003983604485976697,0.0,0.004006631101502574,0.0,0.0,0.0,0.004387007471898388,0.0,0.004226507198536252
commonly,0.012379489747279818,0.0,0.0,0.0,0.0,0.0,0.0,0.0,0.0,0.0
communicate,0.0,0.0,0.0,0.0,0.013624763863870093,0.0,0.0,0.0,0.0,0.0
communication,0.0,0.0,0.0,0.0,0.01904660251401302,0.0,0.0,0.0,0.010122251021598116,0.0
completed,0.0,0.0,0.0,0.0,0.0,0.0,0.0,0.0,0.0,0.014040153006061255
complex,0.0,0.0058715588938619626,0.002806734196516433,0.0029527492703236456,0.0,0.0,0.0030588360704550343,0.003233073568139182,0.006425479544226299,0.0
component,0.0,0.0,0.0,0.0133097404219309,0.0,0.0,0.0,0.0,0.0,0.0
components,0.0,0.0,0.0,0.0,0.0,0.0,0.0,0.0,0.0,0.014040153006061255
computational,0.0,0.0,0.01265156644502223,0.0,0.0,0.0,0.0,0.0,0.0,0.0
computer,0.002399393024883976,0.0012824342029552284,0.0012260634687593945,0.0012898471174231777,0.006601880216396738,0.004132287987300181,0.0,0.001412300957684872,0.0014034185617245898,0.0
computers,0.0,0.005266038688931926,0.0,0.010592956437851504,0.005421838650142929,0.0,0.0,0.0,0.005762834791661353,0.0
computing,0.0,0.0,0.0,0.0,0.006045273654035393,0.003153244591148091,0.018353016422730205,0.003233073568139182,0.006425479544226299,0.003114790388817017
concepts,0.0,0.0,0.0,0.0,0.0,0.0,0.0,0.0,0.01448166725153488,0.0
concern,0.0,0.0,0.0,0.0,0.00952330125700651,0.0,0.009637352769066469,0.0,0.0,0.0
concerned,0.012379489747279818,0.0,0.0,0.0,0.0,0.0,0.0,0.0,0.0,0.0
confidential,0.0,0.0,0.0,0.0,0.0,0.014213488228358308,0.0,0.0,0.0,0.0
configuration,0.0,0.0,0.0,0.0,0.0,0.0,0.0,0.0,0.0,0.014040153006061255
configurations,0.0,0.0,0.0,0.0,0.0,0.009934801928605557,0.009637352769066469,0.0,0.0,0.0
conflicts,0.0,0.0,0.0,0.0,0.0,0.0,0.0,0.0,0.0,0.014040153006061255
connect,0.0,0.0,0.0,0.0,0.027249527727740187,0.0,0.0,0.0,0.0,0.0
connected,0.0,0.0,0.0,0.0,0.0,0.0,0.0,0.0,0.01448166725153488,0.0
connections,0.0,0.0,0.01265156644502223,0.0,0.0,0.0,0.0,0.0,0.0,0.0
connects,0.0,0.0,0.0,0.0,0.013624763863870093,0.0,0.0,0.0,0.0,0.0
consequences,0.012379489747279818,0.0,0.0,0.0,0.0,0.0,0.0,0.0,0.0,0.0
consequently,0.0,0.009249643174908622,0.0,0.0,0.0,0.0,0.0,0.0,0.010122251021598116,0.0
considerations,0.012379489747279818,0.0,0.0,0.0,0.0,0.0,0.0,0.0,0.0,0.0
consist,0.0,0.0,0.01265156644502223,0.0,0.0,0.0,0.0,0.0,0.0,0.0
consistency,0.0,0.0,0.0,0.0,0.0,0.0,0.0,0.029146646746760076,0.0,0.0
consisting,0.0,0.0,0.0,0.0,0.00952330125700651,0.0,0.0,0.010186315901481648,0.0,0.0
consists,0.0,0.0,0.0,0.0,0.0,0.0,0.0,0.0,0.0,0.014040153006061255
consumption,0.0,0.0,0.0,0.0,0.0,0.0,0.013787934688587102,0.0,0.0,0.0
containerization,0.0,0.0,0.0,0.0,0.0,0.0,0.0,0.0,0.0,0.014040153006061255
continuous,0.0,0.0,0.0,0.009303109320428325,0.0,0.009934801928605557,0.0,0.0,0.0,0.0
contrast,0.0,0.009249643174908622,0.0,0.0,0.0,0.0,0.0,0.010186315901481648,0.0,0.0
control,0.0,0.0,0.0,0.0,0.007124099433881279,0.00743193089090084,0.0,0.0,0.0,0.007341297587353269
converting,0.0,0.0,0.0,0.0133097404219309,0.0,0.0,0.0,0.0,0.0,0.0
convolutional,0.0,0.0,0.01265156644502223,0.0,0.0,0.0,0.0,0.0,0.0,0.0
core,0.0,0.0,0.01265156644502223,0.0,0.0,0.0,0.0,0.0,0.0,0.0
corpora,0.0,0.0,0.0,0.0133097404219309,0.0,0.0,0.0,0.0,0.0,0.0
corporations,0.0,0.0,0.0,0.0,0.0,0.014213488228358308,0.0,0.0,0.0,0.0
correct,0.0,0.01323324766088532,0.0,0.0,0.0,0.0,0.0,0.0,0.0,0.0
correctness,0.0,0.0,0.0,0.0,0.0,0.0,0.0,0.0,0.0,0.014040153006061255
cost,0.0,0.0,0.0,0.0,0.0,0.0,0.013787934688587102,0.0,0.0,0.0
create,0.012379489747279818,0.0,0.0,0.0,0.0,0.0,0.0,0.0,0.0,0.0
creation,0.0,0.0,0.0,0.0,0.0,0.0,0.0,0.0,0.0,0.014040153006061255
critical,0.0,0.0,0.0,0.0,0.0,0.009934801928605557,0.0,0.010186315901481648,0.0,0.0
crucial,0.008652892002333873,0.0,0.0,0.009303109320428325,0.0,0.0,0.0,0.0,0.0,0.0
cumulative,0.0,0.01323324766088532,0.0,0.0,0.0,0.0,0.0,0.0,0.0,0.0
customer,0.0,0.0,0.0,0.0133097404219309,0.0,0.0,0.0,0.0,0.0,0.0
customers,0.0,0.01323324766088532,0.0,0.0,0.0,0.0,0.0,0.0,0.0,0.0
cybersecurity,0.0,0.0,0.0,0.0,0.007124099433881279,0.0371596544545042,0.007209417989975666,0.0,0.0,0.0
cycle,0.0,0.0,0.0,0.0,0.0,0.009934801928605557,0.0,0.0,0.0,0.019627291615050006
daily,0.012379489747279818,0.0,0.0,0.0,0.0,0.0,0.0,0.0,0.0,0.0
damage,0.0,0.0,0.0,0.0,0.0,0.014213488228358308,0.0,0.0,0.0,0.0
data,0.0016993631557713927,0.002422080819720146,0.004052327525301013,0.0018270609651646187,0.0024937400155698544,0.0019511206603301176,0.0012618025827284595,0.0033341935334755177,0.009277026535909238,0.0
database,0.0,0.0,0.0,0.0,0.0,0.004278686299752748,0.004150581919520631,0.030709052303288714,0.004359416229936763,0.004226507198536252
databases,0.0,0.0,0.0,0.0,0.0,0.0,0.007209417989975666,0.03048032416015028,0.007572156002049913,0.0
datadriven,0.0,0.0,0.0,0.0,0.0,0.0,0.0,0.0,0.01448166725153488,0.0
dataset,0.0,0.01323324766088532,0.0,0.0,0.0,0.0,0.0,0.0,0.0,0.0
datasets,0.0,0.0,0.006615235188604045,0.0,0.0,0.0,0.0,0.00762008104003757,0.007572156002049913,0.0
dbms,0.0,0.0,0.0,0.0,0.0,0.0,0.0,0.029146646746760076,0.0,0.0
deal,0.0,0.0,0.0,0.0133097404219309,0.0,0.0,0.0,0.0,0.0,0.0
deals,0.0,0.01323324766088532,0.0,0.0,0.0,0.0,0.0,0.0,0.0,0.0
decision,0.0,0.01323324766088532,0.0,0.0,0.0,0.0,0.0,0.0,0.0,0.0
decisionmaking,0.012379489747279818,0.0,0.0,0.0,0.0,0.0,0.0,0.0,0.0,0.0
decisions,0.008652892002333873,0.018499286349817245,0.0,0.0,0.0,0.0,0.0,0.0,0.0,0.0
deep,0.0,0.010532077377863852,0.04027651568677605,0.005296478218925752,0.0,0.0,0.0,0.0,0.005762834791661353,0.0
defend,0.0,0.0,0.0,0.0,0.0,0.014213488228358308,0.0,0.0,0.0,0.0
defense,0.0,0.0,0.0,0.0,0.0,0.014213488228358308,0.0,0.0,0.0,0.0
define,0.0,0.0,0.0,0.0,0.0,0.0,0.0,0.014573323373380038,0.0,0.0
delivers,0.0,0.0,0.0,0.0,0.0,0.0,0.013787934688587102,0.0,0.0,0.0
delivery,0.0,0.0,0.0,0.0,0.00952330125700651,0.0,0.009637352769066469,0.0,0.0,0.0
demand,0.0,0.0,0.0,0.0,0.0,0.0,0.013787934688587102,0.0,0.0,0.0
denialofservice,0.0,0.0,0.0,0.0,0.0,0.014213488228358308,0.0,0.0,0.0,0.0
depending,0.0,0.0,0.0,0.0,0.0,0.0,0.013787934688587102,0.0,0.0,0.0
deployed,0.0,0.0,0.0,0.0,0.0,0.0,0.007209417989975666,0.0,0.007572156002049913,0.007341297587353269
deploying,0.0,0.0,0.0,0.0,0.0,0.0,0.009637352769066469,0.0,0.010122251021598116,0.0
deployment,0.0,0.0,0.0,0.0,0.0,0.0,0.009637352769066469,0.0,0.0,0.029440937422575003
design,0.0,0.0,0.006615235188604045,0.0,0.0,0.00743193089090084,0.0,0.0,0.0,0.014682595174706539
designed,0.0,0.0,0.006615235188604045,0.0,0.0,0.00743193089090084,0.0,0.00762008104003757,0.0,0.0
designing,0.0,0.0,0.0,0.0,0.0,0.0,0.0,0.014573323373380038,0.0,0.0
despite,0.0,0.0,0.01265156644502223,0.0,0.0,0.0,0.0,0.0,0.0,0.0
detection,0.0,0.009249643174908622,0.0,0.0,0.00952330125700651,0.0,0.0,0.0,0.0,0.0
developed,0.0,0.0,0.01265156644502223,0.0,0.0,0.0,0.0,0.0,0.0,0.0
developers,0.006472972066268475,0.0,0.0,0.0,0.0,0.0,0.0,0.00762008104003757,0.0,0.022023892762059807
developing,0.0,0.0,0.0,0.0,0.0,0.0,0.013787934688587102,0.0,0.0,0.0
development,0.0,0.0069193839329076785,0.0,0.0,0.0,0.00743193089090084,0.0,0.0,0.0,0.029365190349413078
devices,0.0,0.0,0.0,0.0,0.04761650628503255,0.009934801928605557,0.0,0.0,0.0,0.0
different,0.0,0.0069193839329076785,0.006615235188604045,0.0,0.007124099433881279,0.0,0.0,0.0,0.0,0.0
digital,0.0,0.0,0.006615235188604045,0.0,0.007124099433881279,0.02229579267270252,0.0,0.0,0.0,0.0
directly,0.0,0.0,0.006615235188604045,0.0,0.0,0.00743193089090084,0.007209417989975666,0.0,0.0,0.0
disciplined,0.0,0.0,0.0,0.0,0.0,0.0,0.0,0.0,0.0,0.014040153006061255
discover,0.0,0.0,0.0,0.0,0.0,0.0,0.0,0.0,0.01448166725153488,0.0
discussed,0.012379489747279818,0.0,0.0,0.0,0.0,0.0,0.0,0.0,0.0,0.0
displacement,0.012379489747279818,0.0,0.0,0.0,0.0,0.0,0.0,0.0,0.0,0.0
distinct,0.0,0.0,0.0,0.0,0.013624763863870093,0.0,0.0,0.0,0.0,0.0
distributed,0.0,0.0,0.0,0.0,0.01904660251401302,0.0,0.0,0.0,0.010122251021598116,0.0
diverse,0.0,0.0,0.0,0.0133097404219309,0.0,0.0,0.0,0.0,0.0,0.0
divides,0.0,0.0,0.0,0.0,0.013624763863870093,0.0,0.0,0.0,0.0,0.0
domain,0.0,0.0,0.0,0.0,0.0,0.0,0.0,0.0,0.01448166725153488,0.0
dramatically,0.0,0.0,0.0,0.0,0.0,0.0,0.0,0.0,0.01448166725153488,0.0
durabilitywhich,0.0,0.0,0.0,0.0,0.0,0.0,0.0,0.014573323373380038,0.0,0.0
dynamically,0.012379489747279818,0.0,0.0,0.0,0.0,0.0,0.0,0.0,0.0,0.0
easily,0.0,0.0,0.0,0.0133097404219309,0.0,0.0,0.0,0.0,0.0,0.0
education,0.0,0.0,0.0,0.0,0.0,0.009934801928605557,0.0,0.010186315901481648,0.0,0.0
efficiency,0.0,0.0,0.0,0.0,0.0,0.0,0.013787934688587102,0.0,0.0,0.0
efficient,0.0,0.0,0.0,0.0,0.0,0.0,0.0,0.020372631802963295,0.0,0.009813645807525003
efficiently,0.0,0.0,0.0,0.0,0.0,0.0,0.0,0.0,0.01448166725153488,0.0
emerged,0.0,0.009249643174908622,0.0,0.0,0.0,0.0,0.0,0.010186315901481648,0.0,0.0
emphasize,0.0,0.0,0.0,0.0,0.0,0.014213488228358308,0.0,0.0,0.0,0.0
emphasizing,0.0,0.0,0.0,0.0,0.0,0.0,0.0,0.0,0.0,0.014040153006061255
enable,0.0,0.01323324766088532,0.0,0.0,0.0,0.0,0.0,0.0,0.0,0.0
enabled,0.0,0.0,0.01265156644502223,0.0,0.0,0.0,0.0,0.0,0.0,0.0
enables,0.012379489747279818,0.0,0.0,0.0,0.0,0.0,0.0,0.0,0.0,0.0
enabling,0.0,0.0,0.0,0.0,0.00952330125700651,0.0,0.0,0.0,0.0,0.009813645807525003
encompasses,0.0,0.0,0.0,0.0,0.0,0.0,0.0,0.0,0.0,0.014040153006061255
encryption,0.0,0.0,0.0,0.0,0.00952330125700651,0.009934801928605557,0.0,0.0,0.0,0.0
endpoints,0.0,0.0,0.0,0.0,0.0,0.014213488228358308,0.0,0.0,0.0,0.0
engineering,0.0,0.0,0.002806734196516433,0.0,0.0030226368270176965,0.003153244591148091,0.0,0.003233073568139182,0.0032127397721131495,0.0186887423329021
engineers,0.0,0.0,0.0,0.0,0.0,0.0,0.0,0.0,0.0,0.014040153006061255
ensure,0.0,0.0,0.0,0.0,0.0,0.009934801928605557,0.0,0.0,0.0,0.019627291615050006
ensures,0.0,0.0,0.0,0.0,0.013624763863870093,0.0,0.0,0.0,0.0,0.0
ensuring,0.0,0.0,0.0,0.0,0.0,0.009934801928605557,0.0,0.010186315901481648,0.0,0.0
enterprise,0.0,0.0,0.0,0.0,0.0,0.0,0.009637352769066469,0.010186315901481648,0.0,0.0
entire,0.0,0.0,0.0,0.0,0.0,0.0,0.0,0.0,0.0,0.014040153006061255
entity,0.0,0.0,0.0,0.0133097404219309,0.0,0.0,0.0,0.0,0.0,0.0
environment,0.0,0.0069193839329076785,0.0,0.0,0.0,0.0,0.007209417989975666,0.00762008104003757,0.0,0.0
environments,0.0037265977449459425,0.0,0.0,0.0,0.004101462606863581,0.008557372599505496,0.004150581919520631,0.0,0.004359416229936763,0.0
era,0.0,0.0,0.0,0.0,0.013624763863870093,0.0,0.0,0.0,0.0,0.0
error,0.0,0.0,0.01265156644502223,0.0,0.0,0.0,0.0,0.0,0.0,0.0
errorchecked,0.0,0.0,0.0,0.0,0.013624763863870093,0.0,0.0,0.0,0.0,0.0
essential,0.0,0.005266038688931926,0.0,0.005296478218925752,0.0,0.0,0.0,0.00579930842958326,0.005762834791661353,0.0
ethical,0.012379489747279818,0.0,0.0,0.0,0.0,0.0,0.0,0.0,0.0,0.0
evaluating,0.012379489747279818,0.0,0.0,0.0,0.0,0.0,0.0,0.0,0.0,0.0
even,0.0,0.0,0.0,0.0,0.0,0.0,0.0,0.014573323373380038,0.0,0.0
event,0.0,0.0,0.0,0.0,0.0,0.0,0.0,0.014573323373380038,0.0,0.0
every,0.0,0.0,0.0,0.0,0.0,0.0,0.0,0.014573323373380038,0.0,0.0
evolved,0.0,0.0,0.0,0.0,0.013624763863870093,0.0,0.0,0.0,0.0,0.0
evolving,0.008652892002333873,0.0,0.0,0.0,0.0,0.009934801928605557,0.0,0.0,0.0,0.0
example,0.0,0.009249643174908622,0.0,0.009303109320428325,0.0,0.0,0.0,0.0,0.0,0.0
examples,0.0,0.0,0.01265156644502223,0.0,0.0,0.0,0.0,0.0,0.0,0.0
exceptionally,0.0,0.0,0.02530313289004446,0.0,0.0,0.0,0.0,0.0,0.0,0.0
exchange,0.0,0.0,0.0,0.0,0.013624763863870093,0.0,0.0,0.0,0.0,0.0
exhibit,0.012379489747279818,0.0,0.0,0.0,0.0,0.0,0.0,0.0,0.0,0.0
expanded,0.0,0.0,0.0,0.0,0.0,0.009934801928605557,0.0,0.0,0.010122251021598116,0.0
expertise,0.0,0.0,0.0,0.0,0.0,0.0,0.0,0.0,0.01448166725153488,0.0
explicitly,0.012379489747279818,0.0,0.0,0.0,0.0,0.0,0.0,0.0,0.0,0.0
exploit,0.0,0.0,0.0,0.0,0.0,0.014213488228358308,0.0,0.0,0.0,0.0
exploratory,0.0,0.0,0.0,0.0,0.0,0.0,0.0,0.0,0.01448166725153488,0.0
extract,0.0,0.0069193839329076785,0.0,0.0,0.0,0.0,0.0,0.00762008104003757,0.007572156002049913,0.0
extraction,0.0,0.0,0.01265156644502223,0.0,0.0,0.0,0.0,0.0,0.0,0.0
fail,0.0,0.009249643174908622,0.008843065452934618,0.0,0.0,0.0,0.0,0.0,0.0,0.0
failures,0.0,0.0,0.0,0.0,0.0,0.0,0.0,0.014573323373380038,0.0,0.0
feature,0.0,0.0,0.008843065452934618,0.0,0.0,0.0,0.0,0.010186315901481648,0.0,0.0
features,0.0,0.0,0.0,0.0,0.0,0.0,0.0,0.0,0.0,0.014040153006061255
feedback,0.008652892002333873,0.0,0.0,0.009303109320428325,0.0,0.0,0.0,0.0,0.0,0.0
field,0.0,0.0,0.0,0.009303109320428325,0.0,0.0,0.0,0.0,0.010122251021598116,0.0
fields,0.008652892002333873,0.009249643174908622,0.0,0.0,0.0,0.0,0.0,0.0,0.0,0.0
filter,0.0,0.0,0.0,0.0,0.0,0.014213488228358308,0.0,0.0,0.0,0.0
filtering,0.0,0.0069193839329076785,0.0,0.00695938037182622,0.0,0.0,0.0,0.0,0.007572156002049913,0.0
final,0.0,0.0,0.0,0.0,0.0,0.0,0.0,0.0,0.0,0.014040153006061255
find,0.0,0.01323324766088532,0.0,0.0,0.0,0.0,0.0,0.0,0.0,0.0
findings,0.0,0.0,0.0,0.0,0.0,0.0,0.0,0.0,0.01448166725153488,0.0
firewalls,0.0,0.0,0.0,0.0,0.00952330125700651,0.009934801928605557,0.0,0.0,0.0,0.0
flexibility,0.0,0.0,0.0,0.0,0.0,0.0,0.013787934688587102,0.0,0.0,0.0
focuses,0.0,0.009249643174908622,0.0,0.009303109320428325,0.0,0.0,0.0,0.0,0.0,0.0
followed,0.0,0.0,0.0,0.0,0.0,0.0,0.0,0.0,0.01448166725153488,0.0
following,0.0,0.01323324766088532,0.0,0.0,0.0,0.0,0.0,0.0,0.0,0.0
form,0.0,0.0,0.0,0.0,0.013624763863870093,0.0,0.0,0.0,0.0,0.0
forms,0.0,0.0,0.0,0.0,0.0,0.014213488228358308,0.0,0.0,0.0,0.0
forward,0.0,0.0,0.0,0.0,0.013624763863870093,0.0,0.0,0.0,0.0,0.0
foundation,0.0,0.0,0.0,0.0,0.0,0.0,0.013787934688587102,0.0,0.0,0.0
foundational,0.0,0.0,0.0,0.0,0.013624763863870093,0.0,0.0,0.0,0.0,0.0
framework,0.0,0.0,0.0,0.0,0.013624763863870093,0.0,0.0,0.0,0.0,0.0
fraud,0.0,0.01323324766088532,0.0,0.0,0.0,0.0,0.0,0.0,0.0,0.0
frequently,0.0,0.0,0.0,0.0,0.0,0.0,0.0,0.0,0.0,0.014040153006061255
fully,0.0,0.0,0.0,0.0,0.0,0.0,0.013787934688587102,0.0,0.0,0.0
function,0.0,0.0,0.01265156644502223,0.0,0.0,0.0,0.0,0.0,0.0,0.0
functional,0.0,0.0,0.0,0.0,0.0,0.0,0.013787934688587102,0.0,0.0,0.0
fundamental,0.0,0.0,0.0,0.005296478218925752,0.0,0.005656115628852809,0.005486770849545839,0.00579930842958326,0.0,0.0
fundamentals,0.012379489747279818,0.0,0.0,0.0,0.0,0.0,0.0,0.0,0.0,0.0
furthermore,0.0,0.0,0.0,0.0,0.00952330125700651,0.0,0.0,0.0,0.0,0.009813645807525003
gap,0.0,0.0,0.0,0.0,0.0,0.0,0.0,0.014573323373380038,0.0,0.0
gathering,0.0,0.0,0.0,0.0,0.0,0.0,0.0,0.0,0.0,0.014040153006061255
generalize,0.0,0.0,0.01265156644502223,0.0,0.0,0.0,0.0,0.0,0.0,0.0
generate,0.0,0.0,0.0,0.0133097404219309,0.0,0.0,0.0,0.0,0.0,0.0
git,0.0,0.0,0.0,0.0,0.0,0.0,0.0,0.0,0.0,0.014040153006061255
global,0.0,0.0,0.0,0.0,0.013624763863870093,0.0,0.0,0.0,0.0,0.0
globally,0.0,0.0,0.0,0.0,0.013624763863870093,0.0,0.0,0.0,0.0,0.0
goal,0.006472972066268475,0.0069193839329076785,0.0,0.0,0.0,0.0,0.0,0.00762008104003757,0.0,0.0
governments,0.0,0.0,0.0,0.0,0.0,0.014213488228358308,0.0,0.0,0.0,0.0
gpus,0.0,0.0,0.01265156644502223,0.0,0.0,0.0,0.0,0.0,0.0,0.0
graphics,0.0,0.0,0.01265156644502223,0.0,0.0,0.0,0.0,0.0,0.0,0.0
gridlike,0.0,0.0,0.01265156644502223,0.0,0.0,0.0,0.0,0.0,0.0,0.0
grouping,0.0,0.01323324766088532,0.0,0.0,0.0,0.0,0.0,0.0,0.0,0.0
grows,0.0,0.0,0.0,0.0,0.013624763863870093,0.0,0.0,0.0,0.0,0.0
guarantee,0.0,0.0,0.0,0.0,0.0,0.0,0.0,0.014573323373380038,0.0,0.0
hand,0.0,0.0,0.01265156644502223,0.0,0.0,0.0,0.0,0.0,0.0,0.0
handcoded,0.0,0.01323324766088532,0.0,0.0,0.0,0.0,0.0,0.0,0.0,0.0
handle,0.0,0.0,0.0,0.0,0.00952330125700651,0.0,0.0,0.010186315901481648,0.0,0.0
handling,0.0,0.0,0.0,0.0,0.0,0.0,0.0,0.010186315901481648,0.010122251021598116,0.0
hardcoded,0.012379489747279818,0.0,0.0,0.0,0.0,0.0,0.0,0.0,0.0,0.0
heavily,0.0,0.0,0.0,0.0,0.0,0.009934801928605557,0.009637352769066469,0.0,0.0,0.0
hidden,0.0,0.0069193839329076785,0.01323047037720809,0.0,0.0,0.0,0.0,0.0,0.007572156002049913,0.0
hierarchical,0.0,0.0,0.01265156644502223,0.0,0.0,0.0,0.0,0.0,0.0,0.0
high,0.0,0.0,0.0,0.0,0.0,0.0,0.0,0.014573323373380038,0.0,0.0
highly,0.0,0.0,0.01265156644502223,0.0,0.0,0.0,0.0,0.0,0.0,0.0
historically,0.012379489747279818,0.0,0.0,0.0,0.0,0.0,0.0,0.0,0.0,0.0
home,0.0,0.0,0.0,0.0,0.013624763863870093,0.0,0.0,0.0,0.0,0.0
however,0.0,0.0,0.0,0.009303109320428325,0.0,0.0,0.009637352769066469,0.0,0.0,0.0
human,0.01941891619880542,0.0,0.006615235188604045,0.01391876074365244,0.0,0.0,0.0,0.0,0.0,0.0
humanlike,0.0,0.0,0.0,0.0133097404219309,0.0,0.0,0.0,0.0,0.0,0.0
hybrid,0.0,0.0,0.0,0.0,0.0,0.0,0.013787934688587102,0.0,0.0,0.0
iaas,0.0,0.0,0.0,0.0,0.0,0.0,0.027575869377174204,0.0,0.0,0.0
ideal,0.0,0.0,0.01265156644502223,0.0,0.0,0.0,0.0,0.0,0.0,0.0
identify,0.0,0.0069193839329076785,0.0,0.00695938037182622,0.0,0.0,0.0,0.0,0.007572156002049913,0.0
image,0.0,0.01323324766088532,0.0,0.0,0.0,0.0,0.0,0.0,0.0,0.0
images,0.0,0.0,0.01265156644502223,0.0,0.0,0.0,0.0,0.0,0.0,0.0
implement,0.0,0.0,0.0,0.0,0.0,0.014213488228358308,0.0,0.0,0.0,0.0
implementation,0.0,0.009249643174908622,0.0,0.0,0.0,0.0,0.0,0.0,0.0,0.009813645807525003
implementing,0.0,0.0,0.0,0.0,0.013624763863870093,0.0,0.0,0.0,0.0,0.0
important,0.012379489747279818,0.0,0.0,0.0,0.0,0.0,0.0,0.0,0.0,0.0
include,0.004926294257387931,0.005266038688931926,0.0,0.010592956437851504,0.005421838650142929,0.0,0.0,0.0,0.0,0.0
includes,0.0,0.0,0.0,0.0,0.0,0.0,0.0,0.0,0.01448166725153488,0.0
including,0.004926294257387931,0.0,0.0,0.0,0.0,0.005656115628852809,0.005486770849545839,0.0,0.0,0.005587138608988751
incoming,0.0,0.0,0.0,0.0,0.0,0.014213488228358308,0.0,0.0,0.0,0.0
increasingly,0.006472972066268475,0.0,0.0,0.0,0.0,0.00743193089090084,0.0,0.0,0.0,0.007341297587353269
incredibly,0.0,0.01323324766088532,0.0,0.0,0.0,0.0,0.0,0.0,0.0,0.0
indexing,0.0,0.0,0.0,0.0,0.0,0.0,0.0,0.014573323373380038,0.0,0.0
indispensable,0.0,0.0,0.0,0.0,0.0,0.0,0.0,0.0,0.0,0.014040153006061255
indistinguishable,0.012379489747279818,0.0,0.0,0.0,0.0,0.0,0.0,0.0,0.0,0.0
individual,0.0,0.0,0.0,0.0133097404219309,0.0,0.0,0.0,0.0,0.0,0.0
individuals,0.0,0.0,0.0,0.0,0.0,0.014213488228358308,0.0,0.0,0.0,0.0
industry,0.0,0.0,0.0,0.0,0.0,0.0,0.013787934688587102,0.0,0.0,0.0
information,0.0,0.003983604485976697,0.0,0.004006631101502574,0.0,0.0,0.004150581919520631,0.004387007471898388,0.004359416229936763,0.0
infrastructure,0.0,0.0,0.0,0.0,0.007124099433881279,0.0,0.028837671959902663,0.0,0.0,0.007341297587353269
ingestion,0.0,0.0,0.0,0.0,0.0,0.0,0.0,0.0,0.01448166725153488,0.0
inherently,0.0,0.0,0.0,0.0133097404219309,0.0,0.0,0.0,0.0,0.0,0.0
initial,0.0,0.0,0.0,0.0,0.0,0.0,0.0,0.0,0.0,0.014040153006061255
input,0.0,0.0,0.03795469933506669,0.0,0.0,0.0,0.0,0.0,0.0,0.0
inserting,0.0,0.0,0.0,0.0,0.0,0.0,0.0,0.014573323373380038,0.0,0.0
insights,0.0,0.009249643174908622,0.0,0.0,0.0,0.0,0.0,0.0,0.010122251021598116,0.0
inspired,0.0,0.0,0.01265156644502223,0.0,0.0,0.0,0.0,0.0,0.0,0.0
instance,0.008652892002333873,0.0,0.008843065452934618,0.0,0.0,0.0,0.0,0.0,0.0,0.0
instead,0.0,0.0,0.0,0.0,0.0,0.0,0.013787934688587102,0.0,0.0,0.0
instructions,0.0,0.01323324766088532,0.0,0.0,0.0,0.0,0.0,0.0,0.0,0.0
integrate,0.0,0.0,0.0,0.0,0.0,0.0,0.0,0.0,0.0,0.014040153006061255
integrated,0.008652892002333873,0.0,0.0,0.0,0.0,0.009934801928605557,0.0,0.0,0.0,0.0
integration,0.0,0.0,0.0,0.0,0.0,0.0,0.013787934688587102,0.0,0.0,0.0
integrity,0.0,0.0,0.0,0.0,0.0,0.0,0.0,0.014573323373380038,0.0,0.0
intelligence,0.029557765544327583,0.005266038688931926,0.010069128921694013,0.010592956437851504,0.0,0.0,0.0,0.0,0.0,0.0
intelligent,0.024758979494559637,0.0,0.0,0.0,0.0,0.0,0.0,0.0,0.0,0.0
interact,0.0,0.0,0.0,0.0,0.0,0.0,0.0,0.014573323373380038,0.0,0.0
interacting,0.0,0.01323324766088532,0.0,0.0,0.0,0.0,0.0,0.0,0.0,0.0
interactions,0.0,0.0,0.0,0.0133097404219309,0.0,0.0,0.0,0.0,0.0,0.0
interconnected,0.0,0.0,0.0,0.0,0.00952330125700651,0.009934801928605557,0.0,0.0,0.0,0.0
interconnection,0.0,0.0,0.0,0.0,0.013624763863870093,0.0,0.0,0.0,0.0,0.0
interdisciplinary,0.0,0.0,0.0,0.0,0.0,0.0,0.0,0.0,0.01448166725153488,0.0
interface,0.0,0.0,0.0,0.0,0.013624763863870093,0.0,0.0,0.0,0.0,0.0
interfaces,0.0,0.0,0.0,0.0,0.0,0.0,0.0,0.0,0.0,0.014040153006061255
internet,0.0,0.0,0.0,0.0,0.03809320502802604,0.0,0.009637352769066469,0.0,0.0,0.0
interpret,0.012379489747279818,0.0,0.0,0.0,0.0,0.0,0.0,0.0,0.0,0.0
intersection,0.0,0.0,0.0,0.0133097404219309,0.0,0.0,0.0,0.0,0.0,0.0
intersects,0.0,0.0,0.0,0.0,0.0,0.0,0.0,0.0,0.0,0.014040153006061255
intrusion,0.0,0.0,0.0,0.0,0.013624763863870093,0.0,0.0,0.0,0.0,0.0
involves,0.0,0.0,0.0,0.00695938037182622,0.0,0.0,0.007209417989975666,0.0,0.007572156002049913,0.0
ip,0.0,0.0,0.0,0.0,0.013624763863870093,0.0,0.0,0.0,0.0,0.0
isolation,0.0,0.0,0.0,0.0,0.0,0.0,0.0,0.014573323373380038,0.0,0.0
issues,0.008652892002333873,0.0,0.0,0.0,0.0,0.0,0.009637352769066469,0.0,0.0,0.0
iterative,0.0,0.0,0.0,0.0,0.0,0.0,0.0,0.0,0.0,0.014040153006061255
jobs,0.012379489747279818,0.0,0.0,0.0,0.0,0.0,0.0,0.0,0.0,0.0
just,0.008652892002333873,0.0,0.0,0.0,0.0,0.0,0.0,0.0,0.0,0.009813645807525003
key,0.0,0.0,0.006615235188604045,0.0,0.007124099433881279,0.0,0.0,0.00762008104003757,0.0,0.0
knowledge,0.008652892002333873,0.0,0.0,0.0,0.0,0.0,0.0,0.0,0.010122251021598116,0.0
labeled,0.0,0.01323324766088532,0.0,0.0,0.0,0.0,0.0,0.0,0.0,0.0
language,0.011179793234837827,0.003983604485976697,0.007617001984175224,0.028046417710518017,0.0,0.0,0.0,0.004387007471898388,0.0,0.0
languages,0.008652892002333873,0.0,0.0,0.009303109320428325,0.0,0.0,0.0,0.0,0.0,0.0
lans,0.0,0.0,0.0,0.0,0.013624763863870093,0.0,0.0,0.0,0.0,0.0
large,0.0,0.0,0.0,0.009303109320428325,0.0,0.0,0.0,0.010186315901481648,0.0,0.0
largely,0.0,0.0,0.0,0.0133097404219309,0.0,0.0,0.0,0.0,0.0,0.0
largescale,0.0,0.0,0.0,0.0133097404219309,0.0,0.0,0.0,0.0,0.0,0.0
layer,0.0,0.0,0.01323047037720809,0.0,0.007124099433881279,0.0,0.0,0.00762008104003757,0.0,0.0
layers,0.0,0.0069193839329076785,0.01323047037720809,0.0,0.014248198867762558,0.0,0.0,0.0,0.0,0.0
learn,0.019705177029551723,0.005266038688931926,0.0050345644608470064,0.005296478218925752,0.0,0.0,0.0,0.0,0.0,0.0
learning,0.007453195489891885,0.05975406728965046,0.02285100595252567,0.012019893304507721,0.0,0.0,0.0,0.0,0.013078248689810288,0.0
learns,0.0,0.01323324766088532,0.0,0.0,0.0,0.0,0.0,0.0,0.0,0.0
life,0.006472972066268475,0.0,0.0,0.0,0.0,0.00743193089090084,0.0,0.0,0.0,0.014682595174706539
lifecycle,0.0,0.0,0.0,0.0,0.0,0.0,0.0,0.0,0.01448166725153488,0.0
like,0.0,0.0069193839329076785,0.0,0.0,0.014248198867762558,0.0,0.007209417989975666,0.0,0.0,0.0
likely,0.012379489747279818,0.0,0.0,0.0,0.0,0.0,0.0,0.0,0.0,0.0
linear,0.0,0.01323324766088532,0.0,0.0,0.0,0.0,0.0,0.0,0.0,0.0
linguistics,0.0,0.0,0.0,0.0133097404219309,0.0,0.0,0.0,0.0,0.0,0.0
local,0.0,0.0,0.0,0.0,0.013624763863870093,0.0,0.0,0.0,0.0,0.0
logic,0.008652892002333873,0.0,0.0,0.0,0.0,0.0,0.0,0.0,0.0,0.009813645807525003
lowercase,0.0,0.0,0.0,0.0133097404219309,0.0,0.0,0.0,0.0,0.0,0.0
machine,0.011179793234837827,0.02788523140183688,0.007617001984175224,0.016026524406010295,0.0,0.0,0.0,0.0,0.008718832459873526,0.0
machines,0.01294594413253695,0.0069193839329076785,0.0,0.0,0.0,0.0,0.014418835979951332,0.0,0.0,0.0
main,0.0,0.009249643174908622,0.0,0.0,0.0,0.0,0.009637352769066469,0.0,0.0,0.0
maintainable,0.0,0.0,0.0,0.0,0.0,0.0,0.0,0.0,0.010122251021598116,0.009813645807525003
maintaining,0.0,0.0,0.0,0.0,0.0,0.0,0.013787934688587102,0.0,0.0,0.0
maintenance,0.0,0.0,0.0,0.0,0.0,0.0,0.0,0.0,0.0,0.042120459018183766
major,0.0,0.0,0.0,0.0,0.0,0.0,0.0,0.0,0.01448166725153488,0.0
make,0.0,0.027748929524725865,0.0,0.0,0.0,0.0,0.0,0.0,0.010122251021598116,0.0
makes,0.0,0.01323324766088532,0.0,0.0,0.0,0.0,0.0,0.0,0.0,0.0
making,0.0,0.0,0.006615235188604045,0.00695938037182622,0.0,0.0,0.007209417989975666,0.0,0.0,0.0
malware,0.0,0.0,0.0,0.0,0.0,0.014213488228358308,0.0,0.0,0.0,0.0
manage,0.0,0.0,0.0,0.0,0.0,0.0,0.0,0.014573323373380038,0.0,0.0
managed,0.0,0.0,0.0,0.0,0.0,0.0,0.013787934688587102,0.0,0.0,0.0
management,0.0,0.0,0.0,0.0,0.0,0.004278686299752748,0.008301163839041262,0.02193503735949194,0.004359416229936763,0.004226507198536252
managing,0.0,0.0,0.0,0.0,0.0,0.0,0.009637352769066469,0.010186315901481648,0.0,0.0
manipulate,0.012379489747279818,0.0,0.0,0.0,0.0,0.0,0.0,0.0,0.0,0.0
manner,0.0,0.0,0.0,0.0,0.0,0.0,0.0,0.0,0.01448166725153488,0.0
manual,0.0,0.0,0.01265156644502223,0.0,0.0,0.0,0.0,0.0,0.0,0.0
many,0.0,0.009249643174908622,0.008843065452934618,0.0,0.0,0.0,0.0,0.0,0.0,0.0
mapping,0.0,0.0,0.0,0.0,0.0,0.0,0.0,0.014573323373380038,0.0,0.0
massive,0.0,0.0069193839329076785,0.006615235188604045,0.00695938037182622,0.0,0.0,0.0,0.0,0.0,0.0
mastering,0.0,0.01323324766088532,0.0,0.0,0.0,0.0,0.0,0.0,0.0,0.0
mathematics,0.0,0.0,0.0,0.0,0.0,0.0,0.0,0.0,0.01448166725153488,0.0
maximize,0.0,0.01323324766088532,0.0,0.0,0.0,0.0,0.0,0.0,0.0,0.0
meaning,0.0,0.01323324766088532,0.0,0.0,0.0,0.0,0.0,0.0,0.0,0.0
mechanisms,0.0,0.0,0.0,0.0,0.0,0.014213488228358308,0.0,0.0,0.0,0.0
media,0.0,0.0,0.0,0.0133097404219309,0.0,0.0,0.0,0.0,0.0,0.0
methodologies,0.0,0.0,0.0,0.0,0.0,0.0,0.0,0.0,0.0,0.014040153006061255
methods,0.0,0.009249643174908622,0.0,0.0,0.0,0.0,0.0,0.0,0.010122251021598116,0.0
missing,0.0,0.0,0.0,0.0,0.0,0.0,0.0,0.0,0.01448166725153488,0.0
mobile,0.0,0.0,0.0,0.0,0.0,0.0,0.0,0.014573323373380038,0.0,0.0
model,0.004926294257387931,0.0,0.0050345644608470064,0.0,0.005421838650142929,0.0,0.005486770849545839,0.0,0.0,0.0
modeling,0.0,0.0,0.0,0.0,0.0,0.00743193089090084,0.0,0.00762008104003757,0.007572156002049913,0.0
models,0.0037265977449459425,0.0,0.003808500992087612,0.008013262203005148,0.0,0.0,0.004150581919520631,0.0,0.013078248689810288,0.0
modern,0.001917607225477056,0.0,0.0019597524392238044,0.0020617048782585684,0.0021105026268564047,0.0,0.0021357781074175593,0.00225743635404261,0.0,0.0021748472191386124
modular,0.0,0.0,0.0,0.0,0.0,0.0,0.0,0.0,0.0,0.014040153006061255
monitor,0.0,0.0,0.0,0.009303109320428325,0.0,0.009934801928605557,0.0,0.0,0.0,0.0
monitoring,0.0,0.0,0.0,0.0,0.0,0.014213488228358308,0.0,0.0,0.0,0.0
moving,0.012379489747279818,0.0,0.0,0.0,0.0,0.0,0.0,0.0,0.0,0.0
multidisciplinary,0.0,0.0,0.0,0.0133097404219309,0.0,0.0,0.0,0.0,0.0,0.0
multifactor,0.0,0.0,0.0,0.0,0.0,0.014213488228358308,0.0,0.0,0.0,0.0
multilayered,0.0,0.0,0.0,0.0,0.0,0.014213488228358308,0.0,0.0,0.0,0.0
multiple,0.0,0.0,0.006615235188604045,0.0,0.0,0.0,0.007209417989975666,0.0,0.0,0.014682595174706539
must,0.0,0.0,0.0,0.0,0.004101462606863581,0.004278686299752748,0.004150581919520631,0.004387007471898388,0.0,0.004226507198536252
named,0.0,0.0,0.0,0.0133097404219309,0.0,0.0,0.0,0.0,0.0,0.0
natural,0.009852588514775861,0.005266038688931926,0.010069128921694013,0.021185912875703008,0.0,0.0,0.0,0.0,0.0,0.0
needed,0.0,0.01323324766088532,0.0,0.0,0.0,0.0,0.0,0.0,0.0,0.0
network,0.0,0.0,0.0,0.0,0.06666310879904558,0.02980440578581667,0.0,0.0,0.0,0.0
networking,0.0,0.0,0.0,0.0,0.0,0.0,0.027575869377174204,0.0,0.0,0.0
networks,0.0,0.005266038688931926,0.03524195122592905,0.0,0.03795287055100051,0.011312231257705618,0.0,0.0,0.0,0.0
neural,0.0,0.009249643174908622,0.04421532726467308,0.0,0.0,0.0,0.0,0.0,0.0,0.0
neurons,0.0,0.0,0.01265156644502223,0.0,0.0,0.0,0.0,0.0,0.0,0.0
new,0.0,0.0,0.008843065452934618,0.0,0.0,0.0,0.0,0.0,0.0,0.009813645807525003
nlp,0.0,0.0,0.0,0.06654870210965451,0.0,0.0,0.0,0.0,0.0,0.0
noise,0.0,0.0,0.0,0.009303109320428325,0.0,0.0,0.0,0.0,0.010122251021598116,0.0
nonlinear,0.0,0.0,0.01265156644502223,0.0,0.0,0.0,0.0,0.0,0.0,0.0
nontechnical,0.0,0.0,0.0,0.0,0.0,0.0,0.0,0.0,0.01448166725153488,0.0
nosql,0.0,0.0,0.0,0.0,0.0,0.0,0.0,0.014573323373380038,0.0,0.0
notion,0.0,0.01323324766088532,0.0,0.0,0.0,0.0,0.0,0.0,0.0,0.0
now,0.0,0.0,0.0,0.0,0.0,0.028426976456716616,0.0,0.0,0.0,0.0
objectoriented,0.0,0.0,0.0,0.0,0.0,0.0,0.0,0.014573323373380038,0.0,0.0
objectrelational,0.0,0.0,0.0,0.0,0.0,0.0,0.0,0.014573323373380038,0.0,0.0
offering,0.0,0.0,0.0,0.0,0.0,0.0,0.0,0.014573323373380038,0.0,0.0
offers,0.0,0.0,0.0,0.0,0.0,0.0,0.027575869377174204,0.0,0.0,0.0
office,0.0,0.0,0.0,0.0,0.013624763863870093,0.0,0.0,0.0,0.0,0.0
often,0.0,0.0,0.017686130905869235,0.0,0.0,0.0,0.0,0.0,0.010122251021598116,0.0
ondemand,0.0,0.0,0.0,0.0,0.0,0.0,0.013787934688587102,0.0,0.0,0.0
one,0.0,0.0,0.0,0.005296478218925752,0.005421838650142929,0.005656115628852809,0.0,0.0,0.0,0.005587138608988751
ongoing,0.0,0.0,0.0,0.0,0.0,0.014213488228358308,0.0,0.0,0.0,0.0
open,0.0,0.0,0.0,0.0,0.013624763863870093,0.0,0.0,0.0,0.0,0.0
operate,0.0,0.0,0.0,0.0,0.013624763863870093,0.0,0.0,0.0,0.0,0.0
operation,0.0,0.0,0.0,0.0,0.0,0.0,0.0,0.0,0.0,0.014040153006061255
operational,0.0,0.0,0.0,0.0,0.0,0.0,0.013787934688587102,0.0,0.0,0.0
optimize,0.0,0.0,0.01265156644502223,0.0,0.0,0.0,0.0,0.0,0.0,0.0
optimized,0.0,0.0,0.0,0.0,0.0,0.0,0.0,0.014573323373380038,0.0,0.0
optimizing,0.0,0.0,0.0,0.0,0.0,0.0,0.013787934688587102,0.0,0.0,0.0
organization,0.0,0.0,0.0,0.0,0.0,0.0,0.013787934688587102,0.0,0.0,0.0
organizations,0.0,0.0,0.0,0.0,0.0,0.009934801928605557,0.019274705538132937,0.0,0.0,0.0
organizes,0.0,0.0,0.0,0.0,0.0,0.0,0.0,0.014573323373380038,0.0,0.0
orm,0.0,0.0,0.0,0.0,0.0,0.0,0.0,0.014573323373380038,0.0,0.0
osi,0.0,0.0,0.0,0.0,0.013624763863870093,0.0,0.0,0.0,0.0,0.0
outgoing,0.0,0.0,0.0,0.0,0.0,0.014213488228358308,0.0,0.0,0.0,0.0
output,0.0,0.009249643174908622,0.008843065452934618,0.0,0.0,0.0,0.0,0.0,0.0,0.0
overall,0.012379489747279818,0.0,0.0,0.0,0.0,0.0,0.0,0.0,0.0,0.0
overfitting,0.0,0.0,0.01265156644502223,0.0,0.0,0.0,0.0,0.0,0.0,0.0
owning,0.0,0.0,0.0,0.0,0.0,0.0,0.013787934688587102,0.0,0.0,0.0
paas,0.0,0.0,0.0,0.0,0.0,0.0,0.027575869377174204,0.0,0.0,0.0
packets,0.0,0.0,0.0,0.0,0.013624763863870093,0.0,0.0,0.0,0.0,0.0
paired,0.0,0.01323324766088532,0.0,0.0,0.0,0.0,0.0,0.0,0.0,0.0
paradigm,0.012379489747279818,0.0,0.0,0.0,0.0,0.0,0.0,0.0,0.0,0.0
paradigms,0.0,0.01323324766088532,0.0,0.0,0.0,0.0,0.0,0.0,0.0,0.0
paramount,0.0,0.0,0.0,0.0,0.013624763863870093,0.0,0.0,0.0,0.0,0.0
parsing,0.0,0.0,0.0,0.0133097404219309,0.0,0.0,0.0,0.0,0.0,0.0
particularly,0.0,0.0,0.0,0.0,0.0,0.0,0.0,0.0,0.01448166725153488,0.0
partofspeech,0.0,0.0,0.0,0.0133097404219309,0.0,0.0,0.0,0.0,0.0,0.0
patterns,0.0,0.005266038688931926,0.0,0.005296478218925752,0.0,0.0,0.0,0.0,0.005762834791661353,0.005587138608988751
perception,0.012379489747279818,0.0,0.0,0.0,0.0,0.0,0.0,0.0,0.0,0.0
perform,0.0,0.0,0.01323047037720809,0.00695938037182622,0.0,0.0,0.0,0.0,0.007572156002049913,0.0
performing,0.012379489747279818,0.0,0.0,0.0,0.0,0.0,0.0,0.0,0.0,0.0
persistent,0.0,0.0,0.0,0.0,0.0,0.0,0.0,0.010186315901481648,0.0,0.009813645807525003
phase,0.0,0.0,0.0,0.0133097404219309,0.0,0.0,0.0,0.0,0.0,0.0
phases,0.0,0.0,0.0,0.0,0.0,0.0,0.0,0.0,0.0,0.014040153006061255
phishing,0.0,0.0,0.0,0.0,0.0,0.014213488228358308,0.0,0.0,0.0,0.0
physical,0.0,0.0,0.0,0.0,0.00952330125700651,0.0,0.019274705538132937,0.0,0.0,0.0
pipeline,0.0,0.0,0.0,0.0133097404219309,0.0,0.0,0.0,0.0,0.0,0.0
pipelines,0.0,0.0,0.0,0.0,0.0,0.0,0.0,0.0,0.0,0.014040153006061255
platform,0.0,0.0,0.0,0.0,0.0,0.0,0.013787934688587102,0.0,0.0,0.0
portion,0.0,0.0,0.0,0.0,0.0,0.0,0.0,0.0,0.01448166725153488,0.0
power,0.0,0.0,0.01265156644502223,0.0,0.0,0.0,0.0,0.0,0.0,0.0
powerful,0.0,0.009249643174908622,0.008843065452934618,0.0,0.0,0.0,0.0,0.0,0.0,0.0
practical,0.0,0.009249643174908622,0.0,0.0,0.00952330125700651,0.0,0.0,0.0,0.0,0.0
practice,0.0,0.0,0.0,0.0,0.0,0.014213488228358308,0.0,0.0,0.0,0.0
practices,0.0,0.0,0.0,0.0,0.0,0.014213488228358308,0.0,0.0,0.0,0.0
predictions,0.0,0.0069193839329076785,0.006615235188604045,0.0,0.0,0.0,0.0,0.0,0.015144312004099826,0.0
predictive,0.0,0.009249643174908622,0.0,0.0,0.0,0.0,0.0,0.0,0.010122251021598116,0.0
prepared,0.0,0.0,0.0,0.0,0.0,0.0,0.0,0.0,0.01448166725153488,0.0
preprocessing,0.0,0.0,0.0,0.01860621864085665,0.0,0.0,0.0,0.0,0.010122251021598116,0.0
presence,0.0,0.0,0.01265156644502223,0.0,0.0,0.0,0.0,0.0,0.0,0.0
present,0.0,0.0,0.0,0.0,0.0,0.0,0.0,0.0,0.01448166725153488,0.0
presents,0.0,0.0,0.0,0.0133097404219309,0.0,0.0,0.0,0.0,0.0,0.0
prevent,0.0,0.0,0.0,0.0,0.0,0.009934801928605557,0.0,0.0,0.0,0.009813645807525003
primarily,0.012379489747279818,0.0,0.0,0.0,0.0,0.0,0.0,0.0,0.0,0.0
primary,0.0,0.0,0.0,0.0,0.0,0.0,0.009637352769066469,0.010186315901481648,0.0,0.0
principles,0.0,0.0,0.0,0.0,0.0,0.0,0.0,0.0,0.0,0.014040153006061255
privacy,0.012379489747279818,0.0,0.0,0.0,0.0,0.0,0.0,0.0,0.0,0.0
private,0.0,0.0,0.0,0.0,0.0,0.0,0.013787934688587102,0.0,0.0,0.0
problem,0.012379489747279818,0.0,0.0,0.0,0.0,0.0,0.0,0.0,0.0,0.0
problems,0.0,0.003983604485976697,0.003808500992087612,0.004006631101502574,0.0,0.0,0.0,0.0,0.004359416229936763,0.004226507198536252
process,0.0,0.005266038688931926,0.0050345644608470064,0.005296478218925752,0.0,0.0,0.0,0.0,0.005762834791661353,0.0
processed,0.0,0.0,0.0,0.0,0.0,0.0,0.0,0.014573323373380038,0.0,0.0
processes,0.0,0.0,0.0,0.0,0.0,0.0,0.0,0.0,0.01448166725153488,0.0
processing,0.009852588514775861,0.005266038688931926,0.020138257843388026,0.015889434656777255,0.0,0.0,0.0,0.0,0.0,0.0
produce,0.012379489747279818,0.0,0.0,0.0,0.0,0.0,0.0,0.0,0.0,0.0
product,0.0,0.0,0.0,0.0,0.0,0.0,0.0,0.0,0.0,0.014040153006061255
production,0.0,0.0,0.0,0.0,0.0,0.0,0.0,0.0,0.01448166725153488,0.0
professionals,0.0,0.0069193839329076785,0.0,0.0,0.0,0.00743193089090084,0.0,0.0,0.007572156002049913,0.0
proficiency,0.0,0.0,0.0,0.0,0.0,0.0,0.0,0.0,0.01448166725153488,0.0
program,0.0,0.0,0.0,0.0133097404219309,0.0,0.0,0.0,0.0,0.0,0.0
programmed,0.012379489747279818,0.0,0.0,0.0,0.0,0.0,0.0,0.0,0.0,0.0
programming,0.0,0.01323324766088532,0.0,0.0,0.0,0.0,0.0,0.0,0.0,0.0
project,0.0,0.0,0.0,0.0,0.0,0.0,0.0,0.0,0.01448166725153488,0.0
prominent,0.012379489747279818,0.0,0.0,0.0,0.0,0.0,0.0,0.0,0.0,0.0
prone,0.0,0.0,0.01265156644502223,0.0,0.0,0.0,0.0,0.0,0.0,0.0
propertiesatomicity,0.0,0.0,0.0,0.0,0.0,0.0,0.0,0.014573323373380038,0.0,0.0
protect,0.0,0.0,0.0,0.0,0.007124099433881279,0.00743193089090084,0.007209417989975666,0.0,0.0,0.0
protecting,0.0,0.0,0.0,0.0,0.0,0.014213488228358308,0.0,0.0,0.0,0.0
protocol,0.0,0.0,0.0,0.0,0.027249527727740187,0.0,0.0,0.0,0.0,0.0
protocols,0.0,0.0,0.0,0.0,0.04087429159161028,0.0,0.0,0.0,0.0,0.0
provide,0.0,0.0,0.0,0.0,0.0,0.0,0.0,0.014573323373380038,0.0,0.0
providers,0.0,0.0,0.0,0.0,0.0,0.0,0.027575869377174204,0.0,0.0,0.0
provides,0.0,0.009249643174908622,0.0,0.0,0.0,0.0,0.009637352769066469,0.0,0.0,0.0
providing,0.0,0.0,0.0,0.0,0.0,0.0,0.013787934688587102,0.0,0.0,0.0
public,0.0,0.0,0.0,0.0,0.0,0.0,0.013787934688587102,0.0,0.0,0.0
punctuation,0.0,0.0,0.0,0.0133097404219309,0.0,0.0,0.0,0.0,0.0,0.0
purchasing,0.0,0.01323324766088532,0.0,0.0,0.0,0.0,0.0,0.0,0.0,0.0
quantifiable,0.0,0.0,0.0,0.0,0.0,0.0,0.0,0.0,0.0,0.014040153006061255
queries,0.0,0.0,0.0,0.0,0.0,0.0,0.0,0.029146646746760076,0.0,0.0
query,0.0,0.0,0.0,0.0,0.0,0.0,0.0,0.010186315901481648,0.010122251021598116,0.0
questions,0.0,0.0,0.0,0.0133097404219309,0.0,0.0,0.0,0.0,0.0,0.0
range,0.0,0.0,0.0,0.0,0.013624763863870093,0.0,0.0,0.0,0.0,0.0
ranging,0.0,0.0,0.0,0.0,0.013624763863870093,0.0,0.0,0.0,0.0,0.0
ransomware,0.0,0.0,0.0,0.0,0.0,0.014213488228358308,0.0,0.0,0.0,0.0
rapid,0.0,0.0,0.0,0.0,0.0,0.009934801928605557,0.0,0.0,0.0,0.009813645807525003
rapidly,0.012379489747279818,0.0,0.0,0.0,0.0,0.0,0.0,0.0,0.0,0.0
rather,0.0,0.01323324766088532,0.0,0.0,0.0,0.0,0.0,0.0,0.0,0.0
rational,0.012379489747279818,0.0,0.0,0.0,0.0,0.0,0.0,0.0,0.0,0.0
raw,0.0,0.009249643174908622,0.008843065452934618,0.0,0.0,0.0,0.0,0.0,0.0,0.0
rdbms,0.0,0.0,0.0,0.0,0.0,0.0,0.0,0.014573323373380038,0.0,0.0
realtime,0.0,0.0,0.0,0.0,0.0,0.0,0.0,0.0,0.01448166725153488,0.0
realworld,0.0,0.0,0.0,0.0,0.0,0.0,0.0,0.0,0.0,0.014040153006061255
reason,0.012379489747279818,0.0,0.0,0.0,0.0,0.0,0.0,0.0,0.0,0.0
recent,0.0,0.009249643174908622,0.0,0.0,0.0,0.0,0.0,0.0,0.010122251021598116,0.0
recognition,0.008652892002333873,0.0,0.0,0.009303109320428325,0.0,0.0,0.0,0.0,0.0,0.0
recommendation,0.012379489747279818,0.0,0.0,0.0,0.0,0.0,0.0,0.0,0.0,0.0
records,0.0,0.0,0.0,0.0,0.0,0.0,0.0,0.014573323373380038,0.0,0.0
recurrent,0.0,0.0,0.01265156644502223,0.0,0.0,0.0,0.0,0.0,0.0,0.0
reduce,0.0,0.0,0.0,0.0133097404219309,0.0,0.0,0.0,0.0,0.0,0.0
reference,0.0,0.0,0.0,0.0,0.013624763863870093,0.0,0.0,0.0,0.0,0.0
referred,0.012379489747279818,0.0,0.0,0.0,0.0,0.0,0.0,0.0,0.0,0.0
refers,0.0,0.0,0.01265156644502223,0.0,0.0,0.0,0.0,0.0,0.0,0.0
refining,0.0,0.0,0.0,0.0133097404219309,0.0,0.0,0.0,0.0,0.0,0.0
regression,0.0,0.01323324766088532,0.0,0.0,0.0,0.0,0.0,0.0,0.0,0.0
regressions,0.0,0.0,0.0,0.0,0.0,0.0,0.0,0.0,0.0,0.014040153006061255
reinforcement,0.0,0.02646649532177064,0.0,0.0,0.0,0.0,0.0,0.0,0.0,0.0
related,0.0,0.0,0.0,0.0,0.0,0.0,0.013787934688587102,0.0,0.0,0.0
relational,0.0,0.0,0.0,0.0,0.0,0.0,0.0,0.05829329349352015,0.0,0.0
relevant,0.0,0.0,0.0,0.0,0.0,0.0,0.0,0.014573323373380038,0.0,0.0
reliable,0.0,0.0,0.0,0.0,0.007124099433881279,0.0,0.0,0.00762008104003757,0.0,0.007341297587353269
reliably,0.0,0.0,0.0,0.0,0.0,0.0,0.0,0.014573323373380038,0.0,0.0
relies,0.0,0.0,0.0,0.0,0.0,0.0,0.009637352769066469,0.0,0.010122251021598116,0.0
rely,0.0,0.0,0.0,0.0,0.0,0.014213488228358308,0.0,0.0,0.0,0.0
remains,0.0,0.0,0.0,0.00695938037182622,0.0,0.00743193089090084,0.0,0.0,0.0,0.007341297587353269
remarkable,0.0,0.0,0.0,0.0133097404219309,0.0,0.0,0.0,0.0,0.0,0.0
removing,0.0,0.0,0.0,0.0133097404219309,0.0,0.0,0.0,0.0,0.0,0.0
rent,0.0,0.0,0.0,0.0,0.0,0.0,0.013787934688587102,0.0,0.0,0.0
replaced,0.0,0.0,0.0,0.0133097404219309,0.0,0.0,0.0,0.0,0.0,0.0
represent,0.012379489747279818,0.0,0.0,0.0,0.0,0.0,0.0,0.0,0.0,0.0
representations,0.0,0.0069193839329076785,0.006615235188604045,0.00695938037182622,0.0,0.0,0.0,0.0,0.0,0.0
representing,0.0,0.0,0.0,0.0,0.013624763863870093,0.0,0.0,0.0,0.0,0.0
represents,0.012379489747279818,0.0,0.0,0.0,0.0,0.0,0.0,0.0,0.0,0.0
require,0.008652892002333873,0.0,0.008843065452934618,0.0,0.0,0.0,0.0,0.0,0.0,0.0
requirement,0.0,0.0,0.0,0.0,0.0,0.0,0.0,0.0,0.0,0.014040153006061255
requirements,0.0,0.0,0.0,0.0,0.0,0.0,0.009637352769066469,0.0,0.0,0.009813645807525003
requires,0.0,0.0,0.0050345644608470064,0.0,0.005421838650142929,0.011312231257705618,0.0,0.0,0.005762834791661353,0.0
requiring,0.0,0.0,0.0,0.0,0.0,0.0,0.0,0.0,0.0,0.014040153006061255
research,0.008652892002333873,0.0,0.008843065452934618,0.0,0.0,0.0,0.0,0.0,0.0,0.0
resource,0.0,0.0,0.0,0.0,0.0,0.0,0.027575869377174204,0.0,0.0,0.0
resources,0.0,0.0,0.0,0.0,0.014248198867762558,0.00743193089090084,0.007209417989975666,0.0,0.0,0.0
response,0.0,0.0,0.0,0.0,0.0,0.0,0.0,0.0,0.0,0.014040153006061255
results,0.0,0.0,0.0,0.0,0.0,0.0,0.0,0.0,0.01448166725153488,0.0
retrieval,0.0,0.0,0.0,0.0133097404219309,0.0,0.0,0.0,0.0,0.0,0.0
retrieve,0.0,0.0,0.0,0.0,0.0,0.0,0.0,0.010186315901481648,0.010122251021598116,0.0
revolutionized,0.0,0.01323324766088532,0.0,0.0,0.0,0.0,0.0,0.0,0.0,0.0
reward,0.0,0.01323324766088532,0.0,0.0,0.0,0.0,0.0,0.0,0.0,0.0
rise,0.0,0.0,0.0,0.0,0.0,0.0,0.0,0.0,0.01448166725153488,0.0
risk,0.0,0.0,0.0,0.0,0.0,0.014213488228358308,0.0,0.0,0.0,0.0
rnns,0.0,0.0,0.01265156644502223,0.0,0.0,0.0,0.0,0.0,0.0,0.0
robust,0.0,0.0,0.0,0.0,0.0,0.009934801928605557,0.0,0.0,0.010122251021598116,0.0
routers,0.0,0.0,0.0,0.0,0.027249527727740187,0.0,0.0,0.0,0.0,0.0
routing,0.0,0.0,0.0,0.0,0.013624763863870093,0.0,0.0,0.0,0.0,0.0
rows,0.0,0.0,0.0,0.0,0.0,0.0,0.0,0.014573323373380038,0.0,0.0
rulebased,0.0,0.009249643174908622,0.0,0.009303109320428325,0.0,0.0,0.0,0.0,0.0,0.0
rules,0.0,0.0,0.0,0.0,0.0,0.014213488228358308,0.0,0.0,0.0,0.0
run,0.0,0.0,0.0,0.0,0.0,0.0,0.013787934688587102,0.0,0.0,0.0
saas,0.0,0.0,0.0,0.0,0.0,0.0,0.027575869377174204,0.0,0.0,0.0
scalability,0.0,0.0,0.0,0.0,0.0,0.0,0.009637352769066469,0.010186315901481648,0.0,0.0
scale,0.0,0.0,0.0,0.0,0.0,0.0,0.0,0.0,0.01448166725153488,0.0
schema,0.0,0.0,0.0,0.0,0.0,0.0,0.0,0.014573323373380038,0.0,0.0
schemas,0.0,0.0,0.0,0.0,0.0,0.0,0.0,0.014573323373380038,0.0,0.0
science,0.003835214450954112,0.002049855999647887,0.0019597524392238044,0.004123409756517137,0.0,0.00220169718480699,0.0,0.00225743635404261,0.013459431846744618,0.0
scientific,0.0,0.0,0.0,0.0,0.0,0.0,0.0,0.0,0.01448166725153488,0.0
scientists,0.0,0.0,0.0,0.0,0.0,0.0,0.0,0.0,0.04344500175460464,0.0
scope,0.0,0.0,0.0,0.0,0.0,0.014213488228358308,0.0,0.0,0.0,0.0
sdlc,0.0,0.0,0.0,0.0,0.0,0.0,0.0,0.0,0.0,0.014040153006061255
search,0.012379489747279818,0.0,0.0,0.0,0.0,0.0,0.0,0.0,0.0,0.0
secure,0.0,0.0,0.0,0.0,0.0,0.014213488228358308,0.0,0.0,0.0,0.0
securing,0.0,0.0,0.0,0.0,0.013624763863870093,0.0,0.0,0.0,0.0,0.0
security,0.0,0.0,0.0,0.0,0.005421838650142929,0.022624462515411236,0.010973541699091678,0.00579930842958326,0.0,0.0
semantic,0.0,0.0,0.0,0.0133097404219309,0.0,0.0,0.0,0.0,0.0,0.0
semistructured,0.0,0.0,0.0,0.0,0.0,0.0,0.0,0.014573323373380038,0.0,0.0
sensitive,0.0,0.0,0.0,0.0,0.0,0.019869603857211114,0.009637352769066469,0.0,0.0,0.0
sentiment,0.0,0.0,0.0,0.0266194808438618,0.0,0.0,0.0,0.0,0.0,0.0
sequential,0.0,0.0,0.01265156644502223,0.0,0.0,0.0,0.0,0.0,0.0,0.0
serious,0.012379489747279818,0.0,0.0,0.0,0.0,0.0,0.0,0.0,0.0,0.0
server,0.0,0.0,0.0,0.0,0.0,0.0,0.013787934688587102,0.0,0.0,0.0
servers,0.0,0.0,0.0,0.0,0.00952330125700651,0.0,0.009637352769066469,0.0,0.0,0.0
serves,0.0,0.01323324766088532,0.0,0.0,0.0,0.0,0.0,0.0,0.0,0.0
service,0.0,0.0,0.0,0.0,0.0,0.0,0.05515173875434841,0.0,0.0,0.0
services,0.0,0.0,0.0,0.0,0.0,0.0,0.027575869377174204,0.0,0.0,0.0
serving,0.0,0.0,0.0,0.0,0.0,0.0,0.0,0.014573323373380038,0.0,0.0
seven,0.0,0.0,0.0,0.0,0.013624763863870093,0.0,0.0,0.0,0.0,0.0
several,0.0,0.0,0.0,0.0,0.0,0.0,0.009637352769066469,0.0,0.0,0.009813645807525003
share,0.0,0.0,0.0,0.0,0.013624763863870093,0.0,0.0,0.0,0.0,0.0
shared,0.0,0.0,0.0,0.0,0.0,0.014213488228358308,0.0,0.0,0.0,0.0
shift,0.012379489747279818,0.0,0.0,0.0,0.0,0.0,0.0,0.0,0.0,0.0
significantly,0.0,0.0,0.0,0.0,0.0,0.014213488228358308,0.0,0.0,0.0,0.0
similarly,0.0,0.0,0.0,0.0,0.013624763863870093,0.0,0.0,0.0,0.0,0.0
simple,0.0,0.0,0.0,0.0,0.0,0.0,0.0,0.010186315901481648,0.0,0.009813645807525003
since,0.0,0.0,0.0,0.0133097404219309,0.0,0.0,0.0,0.0,0.0,0.0
single,0.006472972066268475,0.0,0.0,0.0,0.007124099433881279,0.0,0.007209417989975666,0.0,0.0,0.0
skill,0.0,0.0,0.0,0.0,0.0,0.0,0.0,0.014573323373380038,0.0,0.0
small,0.0,0.0,0.0,0.0,0.013624763863870093,0.0,0.0,0.0,0.0,0.0
smart,0.012379489747279818,0.0,0.0,0.0,0.0,0.0,0.0,0.0,0.0,0.0
social,0.008652892002333873,0.0,0.0,0.009303109320428325,0.0,0.0,0.0,0.0,0.0,0.0
software,0.001199696512441988,0.0012824342029552284,0.0,0.0,0.0013203760432793476,0.004132287987300181,0.005344755720100833,0.004236902873054616,0.0014034185617245898,0.013606314104524985
solve,0.0,0.0,0.006615235188604045,0.0,0.0,0.0,0.0,0.0,0.007572156002049913,0.014682595174706539
solving,0.0,0.01323324766088532,0.0,0.0,0.0,0.0,0.0,0.0,0.0,0.0
spaces,0.012379489747279818,0.0,0.0,0.0,0.0,0.0,0.0,0.0,0.0,0.0
spam,0.0,0.01323324766088532,0.0,0.0,0.0,0.0,0.0,0.0,0.0,0.0
specialized,0.0,0.0,0.02530313289004446,0.0,0.0,0.0,0.0,0.0,0.0,0.0
specifically,0.0,0.0,0.0,0.0133097404219309,0.0,0.0,0.0,0.0,0.0,0.0
speech,0.008652892002333873,0.0,0.008843065452934618,0.0,0.0,0.0,0.0,0.0,0.0,0.0
splitting,0.0,0.0,0.0,0.0133097404219309,0.0,0.0,0.0,0.0,0.0,0.0
sql,0.0,0.0,0.0,0.0,0.0,0.0,0.0,0.020372631802963295,0.010122251021598116,0.0
stakeholders,0.0,0.0,0.0,0.0,0.0,0.0,0.0,0.0,0.01448166725153488,0.0
standardized,0.0,0.0,0.0,0.0,0.013624763863870093,0.0,0.0,0.0,0.0,0.0
statistical,0.0,0.009249643174908622,0.0,0.0,0.0,0.0,0.0,0.0,0.010122251021598116,0.0
statistics,0.0,0.009249643174908622,0.0,0.0,0.0,0.0,0.0,0.0,0.010122251021598116,0.0
step,0.0,0.0,0.0,0.0133097404219309,0.0,0.0,0.0,0.0,0.0,0.0
stop,0.0,0.0,0.0,0.0133097404219309,0.0,0.0,0.0,0.0,0.0,0.0
storage,0.0,0.0,0.0,0.0,0.0,0.005656115628852809,0.010973541699091678,0.00579930842958326,0.0,0.005587138608988751
store,0.0,0.0,0.0,0.0,0.0,0.0,0.0,0.010186315901481648,0.010122251021598116,0.0
stored,0.0,0.0,0.0,0.0,0.0,0.014213488228358308,0.0,0.0,0.0,0.0
strategy,0.0,0.0,0.0,0.0,0.0,0.014213488228358308,0.0,0.0,0.0,0.0
stream,0.0,0.0,0.0,0.0133097404219309,0.0,0.0,0.0,0.0,0.0,0.0
strict,0.0,0.01323324766088532,0.0,0.0,0.0,0.0,0.0,0.0,0.0,0.0
structure,0.0,0.0,0.01265156644502223,0.0,0.0,0.0,0.0,0.0,0.0,0.0
structured,0.0,0.0,0.0,0.0,0.0,0.0,0.0,0.010186315901481648,0.020244502043196232,0.0
structures,0.0,0.01323324766088532,0.0,0.0,0.0,0.0,0.0,0.0,0.0,0.0
student,0.012379489747279818,0.0,0.0,0.0,0.0,0.0,0.0,0.0,0.0,0.0
study,0.0,0.0,0.008843065452934618,0.0,0.00952330125700651,0.0,0.0,0.0,0.0,0.0
subfield,0.0,0.01323324766088532,0.0,0.0,0.0,0.0,0.0,0.0,0.0,0.0
subfields,0.024758979494559637,0.0,0.0,0.0,0.0,0.0,0.0,0.0,0.0,0.0
subject,0.0,0.0,0.0,0.0,0.013624763863870093,0.0,0.0,0.0,0.0,0.0
subset,0.0,0.009249643174908622,0.008843065452934618,0.0,0.0,0.0,0.0,0.0,0.0,0.0
substantial,0.0,0.0,0.01265156644502223,0.0,0.0,0.0,0.0,0.0,0.0,0.0
success,0.0,0.0,0.01265156644502223,0.0,0.0,0.0,0.0,0.0,0.0,0.0
successive,0.0,0.0,0.01265156644502223,0.0,0.0,0.0,0.0,0.0,0.0,0.0
sufficient,0.0,0.0,0.01265156644502223,0.0,0.0,0.0,0.0,0.0,0.0,0.0
suite,0.0,0.0,0.0,0.0,0.013624763863870093,0.0,0.0,0.0,0.0,0.0
suites,0.0,0.0,0.0,0.0,0.0,0.0,0.0,0.0,0.0,0.014040153006061255
summarization,0.0,0.0,0.0,0.0133097404219309,0.0,0.0,0.0,0.0,0.0,0.0
summary,0.0,0.0,0.0,0.0,0.0,0.0,0.013787934688587102,0.0,0.0,0.0
supervised,0.0,0.03969974298265597,0.0,0.0,0.0,0.0,0.0,0.0,0.0,0.0
support,0.0,0.0069193839329076785,0.0,0.0,0.007124099433881279,0.0,0.0,0.00762008104003757,0.0,0.0
switches,0.0,0.0,0.0,0.0,0.013624763863870093,0.0,0.0,0.0,0.0,0.0
synchronization,0.0,0.0,0.0,0.0,0.0,0.0,0.013787934688587102,0.0,0.0,0.0
syntactic,0.0,0.0,0.0,0.0133097404219309,0.0,0.0,0.0,0.0,0.0,0.0
synthesis,0.0,0.0,0.01265156644502223,0.0,0.0,0.0,0.0,0.0,0.0,0.0
system,0.0,0.0069193839329076785,0.0,0.0,0.0,0.0,0.0,0.038100405200187856,0.0,0.007341297587353269
systematic,0.0,0.0,0.0,0.0,0.0,0.0,0.0,0.0,0.0,0.014040153006061255
systematically,0.0,0.0,0.0,0.0,0.0,0.0,0.0,0.010186315901481648,0.0,0.009813645807525003
systems,0.011505643352862334,0.0,0.0,0.004123409756517137,0.008442010507425619,0.00660509155442097,0.0,0.00451487270808522,0.0022432386411241033,0.00869938887655445
tables,0.0,0.0,0.0,0.0,0.0,0.0,0.0,0.04371997012014011,0.0,0.0
tagging,0.0,0.0,0.0,0.0133097404219309,0.0,0.0,0.0,0.0,0.0,0.0
takes,0.0,0.01323324766088532,0.0,0.0,0.0,0.0,0.0,0.0,0.0,0.0
tamperproof,0.0,0.0,0.0,0.0,0.0,0.014213488228358308,0.0,0.0,0.0,0.0
tasks,0.01294594413253695,0.0,0.006615235188604045,0.01391876074365244,0.0,0.0,0.0,0.0,0.0,0.0
tcp,0.0,0.0,0.0,0.0,0.013624763863870093,0.0,0.0,0.0,0.0,0.0
tcpip,0.0,0.0,0.0,0.0,0.013624763863870093,0.0,0.0,0.0,0.0,0.0
techniques,0.0,0.009249643174908622,0.0,0.009303109320428325,0.0,0.0,0.0,0.0,0.0,0.0
technology,0.006472972066268475,0.0,0.0,0.0,0.0,0.00743193089090084,0.007209417989975666,0.0,0.0,0.0
terabytes,0.0,0.0,0.0,0.0,0.0,0.0,0.0,0.0,0.01448166725153488,0.0
term,0.0,0.0,0.01265156644502223,0.0,0.0,0.0,0.0,0.0,0.0,0.0
test,0.008652892002333873,0.0,0.0,0.0,0.0,0.0,0.0,0.0,0.0,0.009813645807525003
testing,0.0,0.0,0.0,0.0,0.0,0.00743193089090084,0.007209417989975666,0.0,0.0,0.007341297587353269
text,0.0,0.0,0.0,0.09316818295351631,0.0,0.0,0.0,0.0,0.0,0.0
theoretical,0.0,0.01323324766088532,0.0,0.0,0.0,0.0,0.0,0.0,0.0,0.0
therefore,0.004926294257387931,0.0,0.0,0.0,0.005421838650142929,0.0,0.0,0.00579930842958326,0.0,0.005587138608988751
threat,0.0,0.0,0.0,0.0,0.0,0.014213488228358308,0.0,0.0,0.0,0.0
threats,0.0,0.0,0.0,0.0,0.0,0.028426976456716616,0.0,0.0,0.0,0.0
three,0.0,0.009249643174908622,0.0,0.0,0.0,0.0,0.009637352769066469,0.0,0.0,0.0
tied,0.0,0.0,0.0,0.0,0.013624763863870093,0.0,0.0,0.0,0.0,0.0
time,0.0,0.0,0.0,0.0,0.0,0.0,0.0,0.0,0.0,0.014040153006061255
tokenization,0.0,0.0,0.0,0.0266194808438618,0.0,0.0,0.0,0.0,0.0,0.0
tokens,0.0,0.0,0.0,0.0133097404219309,0.0,0.0,0.0,0.0,0.0,0.0
tools,0.0,0.005266038688931926,0.0,0.0,0.0,0.0,0.0,0.00579930842958326,0.011525669583322707,0.005587138608988751
topics,0.0,0.0,0.0,0.0,0.0,0.0,0.0,0.014573323373380038,0.0,0.0
towards,0.012379489747279818,0.0,0.0,0.0,0.0,0.0,0.0,0.0,0.0,0.0
traditional,0.0,0.0069193839329076785,0.006615235188604045,0.00695938037182622,0.0,0.0,0.0,0.0,0.0,0.0
traffic,0.0,0.0,0.0,0.0,0.00952330125700651,0.019869603857211114,0.0,0.0,0.0,0.0
train,0.0,0.0,0.01265156644502223,0.0,0.0,0.0,0.0,0.0,0.0,0.0
trained,0.006472972066268475,0.0069193839329076785,0.0,0.00695938037182622,0.0,0.0,0.0,0.0,0.0,0.0
training,0.0,0.009249643174908622,0.03537226181173847,0.0,0.0,0.0,0.0,0.0,0.0,0.0
transaction,0.0,0.0,0.0,0.0,0.0,0.0,0.0,0.014573323373380038,0.0,0.0
transactions,0.0,0.0,0.0,0.0,0.0,0.0,0.0,0.014573323373380038,0.0,0.0
transformations,0.0,0.0,0.01265156644502223,0.0,0.0,0.0,0.0,0.0,0.0,0.0
transformed,0.0,0.0,0.0,0.0,0.0,0.0,0.013787934688587102,0.0,0.0,0.0
transformer,0.0,0.0,0.01265156644502223,0.0,0.0,0.0,0.0,0.0,0.0,0.0
transforming,0.0,0.0,0.0,0.0,0.0,0.009934801928605557,0.0,0.0,0.010122251021598116,0.0
transit,0.0,0.0,0.0,0.0,0.013624763863870093,0.0,0.0,0.0,0.0,0.0
translate,0.0,0.0,0.0,0.0133097404219309,0.0,0.0,0.0,0.0,0.0,0.0
translation,0.008652892002333873,0.0,0.0,0.027909327961284973,0.0,0.0,0.0,0.0,0.0,0.0
transmission,0.0,0.0,0.0,0.0,0.01904660251401302,0.009934801928605557,0.0,0.0,0.0,0.0
transport,0.0,0.0,0.0,0.0,0.013624763863870093,0.0,0.0,0.0,0.0,0.0
trees,0.0,0.01323324766088532,0.0,0.0,0.0,0.0,0.0,0.0,0.0,0.0
trends,0.0,0.0,0.0,0.0,0.0,0.0,0.0,0.0,0.01448166725153488,0.0
trust,0.0,0.0,0.0,0.0,0.0,0.0,0.013787934688587102,0.0,0.0,0.0
turing,0.012379489747279818,0.0,0.0,0.0,0.0,0.0,0.0,0.0,0.0,0.0
two,0.012379489747279818,0.0,0.0,0.0,0.0,0.0,0.0,0.0,0.0,0.0
type,0.0,0.0,0.0,0.0,0.0,0.0,0.0,0.014573323373380038,0.0,0.0
typical,0.0,0.0,0.0,0.0133097404219309,0.0,0.0,0.0,0.0,0.0,0.0
typically,0.004926294257387931,0.005266038688931926,0.0,0.0,0.0,0.0,0.005486770849545839,0.0,0.005762834791661353,0.0
ultimate,0.012379489747279818,0.0,0.0,0.0,0.0,0.0,0.0,0.0,0.0,0.0
ultimately,0.0,0.0,0.0,0.0,0.0,0.009934801928605557,0.0,0.0,0.0,0.009813645807525003
unauthorized,0.0,0.0,0.0,0.0,0.00952330125700651,0.019869603857211114,0.0,0.0,0.0,0.0
understand,0.004926294257387931,0.0,0.0,0.005296478218925752,0.005421838650142929,0.0,0.0,0.0,0.0,0.005587138608988751
understandable,0.0,0.0,0.0,0.0,0.0,0.0,0.0,0.0,0.01448166725153488,0.0
understanding,0.004926294257387931,0.0,0.0050345644608470064,0.0,0.005421838650142929,0.0,0.0,0.00579930842958326,0.0,0.0
unites,0.0,0.0,0.0,0.0,0.0,0.0,0.0,0.0,0.01448166725153488,0.0
units,0.0,0.0,0.01265156644502223,0.0,0.0,0.0,0.0,0.0,0.0,0.0
unlabeled,0.0,0.01323324766088532,0.0,0.0,0.0,0.0,0.0,0.0,0.0,0.0
unlike,0.0,0.0,0.008843065452934618,0.0,0.0,0.0,0.0,0.0,0.0,0.009813645807525003
unreadable,0.0,0.0,0.0,0.0,0.0,0.014213488228358308,0.0,0.0,0.0,0.0
unseen,0.0,0.0,0.01265156644502223,0.0,0.0,0.0,0.0,0.0,0.0,0.0
unstructured,0.0,0.0,0.0,0.00695938037182622,0.0,0.0,0.0,0.00762008104003757,0.007572156002049913,0.0
unsupervised,0.0,0.02646649532177064,0.0,0.0,0.0,0.0,0.0,0.0,0.0,0.0
use,0.0,0.0,0.0,0.0,0.0,0.0,0.0,0.010186315901481648,0.010122251021598116,0.0
used,0.0,0.0,0.006615235188604045,0.00695938037182622,0.007124099433881279,0.0,0.0,0.0,0.0,0.0
useful,0.0,0.01323324766088532,0.0,0.0,0.0,0.0,0.0,0.0,0.0,0.0
user,0.0,0.0,0.0,0.0,0.0,0.009934801928605557,0.0,0.0,0.0,0.009813645807525003
users,0.0,0.0,0.0,0.0,0.0,0.009934801928605557,0.009637352769066469,0.0,0.0,0.0
uses,0.0,0.01323324766088532,0.0,0.0,0.0,0.0,0.0,0.0,0.0,0.0
using,0.0,0.0,0.0,0.0,0.00952330125700651,0.0,0.0,0.010186315901481648,0.0,0.0
usually,0.0,0.0,0.0,0.0,0.0,0.0,0.013787934688587102,0.0,0.0,0.0
utilization,0.0,0.0,0.0,0.0,0.0,0.0,0.013787934688587102,0.0,0.0,0.0
utilizes,0.0,0.01323324766088532,0.0,0.0,0.0,0.0,0.0,0.0,0.0,0.0
utilizing,0.0,0.0,0.02530313289004446,0.0,0.0,0.0,0.0,0.0,0.0,0.0
values,0.0,0.0,0.0,0.0,0.0,0.0,0.0,0.0,0.01448166725153488,0.0
variables,0.0,0.0,0.0,0.0,0.0,0.0,0.0,0.0,0.01448166725153488,0.0
various,0.008652892002333873,0.0,0.0,0.0,0.0,0.009934801928605557,0.0,0.0,0.0,0.0
vector,0.0,0.01323324766088532,0.0,0.0,0.0,0.0,0.0,0.0,0.0,0.0
vehicles,0.012379489747279818,0.0,0.0,0.0,0.0,0.0,0.0,0.0,0.0,0.0
verify,0.0,0.0,0.0,0.0,0.0,0.0,0.0,0.0,0.0,0.014040153006061255
version,0.0,0.0,0.0,0.0,0.0,0.0,0.0,0.0,0.0,0.014040153006061255
virtual,0.006472972066268475,0.0,0.0,0.0,0.0,0.00743193089090084,0.014418835979951332,0.0,0.0,0.0
virtualization,0.0,0.0,0.0,0.0,0.0,0.0,0.013787934688587102,0.0,0.0,0.0
virtualized,0.0,0.0,0.0,0.0,0.013624763863870093,0.0,0.0,0.0,0.0,0.0
vision,0.0,0.009249643174908622,0.008843065452934618,0.0,0.0,0.0,0.0,0.0,0.0,0.0
visual,0.012379489747279818,0.0,0.0,0.0,0.0,0.0,0.0,0.0,0.0,0.0
visualization,0.0,0.0,0.0,0.0,0.0,0.0,0.0,0.010186315901481648,0.010122251021598116,0.0
vital,0.0,0.0,0.0,0.009303109320428325,0.0,0.0,0.009637352769066469,0.0,0.0,0.0
voiceactivated,0.012379489747279818,0.0,0.0,0.0,0.0,0.0,0.0,0.0,0.0,0.0
volumes,0.0,0.0,0.0,0.0,0.0,0.0,0.0,0.014573323373380038,0.0,0.0
vulnerabilities,0.0,0.0,0.0,0.0,0.0,0.014213488228358308,0.0,0.0,0.0,0.0
vulnerability,0.0,0.0,0.0,0.0,0.0,0.014213488228358308,0.0,0.0,0.0,0.0
web,0.0,0.0,0.0,0.0,0.0,0.0,0.027575869377174204,0.0,0.0,0.0
weights,0.0,0.0,0.01265156644502223,0.0,0.0,0.0,0.0,0.0,0.0,0.0
wellsuited,0.0,0.0,0.01265156644502223,0.0,0.0,0.0,0.0,0.0,0.0,0.0
whether,0.012379489747279818,0.0,0.0,0.0,0.0,0.0,0.0,0.0,0.0,0.0
widely,0.008652892002333873,0.0,0.0,0.009303109320428325,0.0,0.0,0.0,0.0,0.0,0.0
will,0.012379489747279818,0.0,0.0,0.0,0.0,0.0,0.0,0.0,0.0,0.0
within,0.0,0.0,0.006615235188604045,0.0,0.014248198867762558,0.0,0.0,0.0,0.0,0.007341297587353269
without,0.004926294257387931,0.0,0.0050345644608470064,0.0,0.0,0.0,0.005486770849545839,0.0,0.0,0.005587138608988751
words,0.0,0.0,0.0,0.0266194808438618,0.0,0.0,0.0,0.0,0.0,0.0
work,0.0,0.0,0.0,0.0,0.0,0.0,0.0,0.0,0.01448166725153488,0.0
world,0.0,0.0,0.0,0.0,0.00952330125700651,0.009934801928605557,0.0,0.0,0.0,0.0
worldwide,0.0,0.0,0.0,0.0,0.013624763863870093,0.0,0.0,0.0,0.0,0.0
worrying,0.0,0.0,0.0,0.0,0.0,0.0,0.013787934688587102,0.0,0.0,0.0
write,0.0,0.0,0.0,0.0,0.0,0.0,0.0,0.010186315901481648,0.0,0.009813645807525003
writing,0.0,0.0,0.0,0.0,0.0,0.0,0.0,0.00762008104003757,0.007572156002049913,0.007341297587353269
years,0.0,0.009249643174908622,0.0,0.0,0.0,0.0,0.0,0.0,0.010122251021598116,0.0
